campaign,site,model,nprocs,res,replicate,ranks_per_node
weak-scaling-2026-BASE24-container2,gadi,poisson-scaling,1,24,1,
weak-scaling-2026-BASE24-container2,gadi,poisson-scaling,1,24,2,
weak-scaling-2026-BASE24-container2,gadi,poisson-scaling,1,24,3,
weak-scaling-2026-BASE24-container2,gadi,poisson-scaling,8,48,1,
weak-scaling-2026-BASE24-container2,gadi,poisson-scaling,8,48,2,
weak-scaling-2026-BASE24-container2,gadi,poisson-scaling,8,48,3,
weak-scaling-2026-BASE24-container2,gadi,poisson-scaling,27,72,1,
weak-scaling-2026-BASE24-container2,gadi,poisson-scaling,27,72,2,
weak-scaling-2026-BASE24-container2,gadi,poisson-scaling,27,72,3,
weak-scaling-2026-BASE24-container2,gadi,poisson-scaling,64,96,1,
weak-scaling-2026-BASE24-container2,gadi,poisson-scaling,64,96,2,
weak-scaling-2026-BASE24-container2,gadi,poisson-scaling,64,96,3,
weak-scaling-2026-BASE24-container2,gadi,poisson-scaling,125,120,1,
weak-scaling-2026-BASE24-container2,gadi,poisson-scaling,125,120,2,
weak-scaling-2026-BASE24-container2,gadi,poisson-scaling,125,120,3,
weak-scaling-2026-BASE24-container2,gadi,poisson-scaling,343,168,1,
weak-scaling-2026-BASE24-container2,gadi,poisson-scaling,343,168,2,
weak-scaling-2026-BASE24-container2,gadi,poisson-scaling,343,168,3,
weak-scaling-2026-BASE24-container2,gadi,poisson-scaling,1000,240,1,
weak-scaling-2026-BASE24-container2,gadi,poisson-scaling,1000,240,2,
weak-scaling-2026-BASE24-container2,gadi,poisson-scaling,1000,240,3,
weak-scaling-2026-BASE24-container2,gadi,poisson-scaling,2197,312,1,
weak-scaling-2026-BASE24-container2,gadi,poisson-scaling,2197,312,2,
weak-scaling-2026-poisson-analytic,gadi,poisson-scaling,1,24,1,
weak-scaling-2026-poisson-analytic,gadi,poisson-scaling,1,24,2,
weak-scaling-2026-poisson-analytic,gadi,poisson-scaling,1,24,3,
weak-scaling-2026-poisson-analytic,gadi,poisson-scaling,125,120,1,
weak-scaling-2026-poisson-analytic,gadi,poisson-scaling,125,120,2,
weak-scaling-2026-poisson-analytic,gadi,poisson-scaling,125,120,3,
weak-scaling-2026-advdiff-BASE24,gadi,advdiff-scaling,1,24,1,1
weak-scaling-2026-advdiff-BASE24,gadi,advdiff-scaling,1,24,2,1
weak-scaling-2026-advdiff-BASE24,gadi,advdiff-scaling,8,48,1,8
weak-scaling-2026-advdiff-BASE24,gadi,advdiff-scaling,8,48,2,8
weak-scaling-2026-advdiff-BASE24,gadi,advdiff-scaling,27,72,1,27
weak-scaling-2026-advdiff-BASE24,gadi,advdiff-scaling,27,72,2,27
weak-scaling-2026-advdiff-BASE24,gadi,advdiff-scaling,64,96,1,48
weak-scaling-2026-advdiff-BASE24,gadi,advdiff-scaling,64,96,2,48
weak-scaling-2026-advdiff-BASE24,gadi,advdiff-scaling,125,120,1,48
weak-scaling-2026-advdiff-BASE24,gadi,advdiff-scaling,125,120,2,48
weak-scaling-2026-advdiff-BASE24,gadi,advdiff-scaling,343,168,1,48
weak-scaling-2026-advdiff-BASE24,gadi,advdiff-scaling,343,168,2,48
weak-scaling-2026-advdiff-BASE24,gadi,advdiff-scaling,1000,240,1,48
weak-scaling-2026-advdiff-meshindep,gadi,advdiff-scaling,1,24,1,1
weak-scaling-2026-advdiff-meshindep,gadi,advdiff-scaling,8,48,1,8
weak-scaling-2026-advdiff-meshindep,gadi,advdiff-scaling,64,96,1,48
weak-scaling-2026-checkpoint,gadi,checkpoint-scaling,1,24,1,1
weak-scaling-2026-checkpoint,gadi,checkpoint-scaling,1,24,2,1
weak-scaling-2026-checkpoint,gadi,checkpoint-scaling,8,48,1,8
weak-scaling-2026-checkpoint,gadi,checkpoint-scaling,8,48,2,8
weak-scaling-2026-checkpoint,gadi,checkpoint-scaling,27,72,1,27
weak-scaling-2026-checkpoint,gadi,checkpoint-scaling,27,72,2,27
weak-scaling-2026-checkpoint,gadi,checkpoint-scaling,64,96,1,48
weak-scaling-2026-checkpoint,gadi,checkpoint-scaling,64,96,2,48
weak-scaling-2026-checkpoint,gadi,checkpoint-scaling,125,120,1,48
weak-scaling-2026-checkpoint,gadi,checkpoint-scaling,125,120,2,48
weak-scaling-2026-checkpoint,gadi,checkpoint-scaling,343,168,1,48
weak-scaling-2026-checkpoint,gadi,checkpoint-scaling,343,168,2,48
weak-scaling-2026-checkpoint,gadi,checkpoint-scaling,1000,240,1,48
weak-scaling-2026-checkpoint,gadi,checkpoint-scaling,1000,240,2,48
weak-scaling-2026-checkpoint-evalfix,gadi,checkpoint-scaling,1,24,1,1
weak-scaling-2026-checkpoint-evalfix,gadi,checkpoint-scaling,8,48,1,8
weak-scaling-2026-checkpoint-evalfix,gadi,checkpoint-scaling,27,72,1,27
weak-scaling-2026-checkpoint-evalfix,gadi,checkpoint-scaling,64,96,1,48
weak-scaling-2026-checkpoint-evalfix,gadi,checkpoint-scaling,125,120,1,48
weak-scaling-2026-checkpoint-evalfix,gadi,checkpoint-scaling,343,168,1,48
weak-scaling-2026-stokes-BASE5-3way/default,gadi,stokes-scaling,1,5,1,
weak-scaling-2026-stokes-BASE5-3way/default,gadi,stokes-scaling,1,5,2,
weak-scaling-2026-stokes-BASE5-3way/default,gadi,stokes-scaling,1,5,3,
weak-scaling-2026-stokes-BASE5-3way/default,gadi,stokes-scaling,8,10,1,
weak-scaling-2026-stokes-BASE5-3way/default,gadi,stokes-scaling,8,10,2,
weak-scaling-2026-stokes-BASE5-3way/default,gadi,stokes-scaling,8,10,3,
weak-scaling-2026-stokes-BASE5-3way/default,gadi,stokes-scaling,27,15,1,
weak-scaling-2026-stokes-BASE5-3way/default,gadi,stokes-scaling,27,15,2,
weak-scaling-2026-stokes-BASE5-3way/default,gadi,stokes-scaling,27,15,3,
weak-scaling-2026-stokes-BASE5-3way/default,gadi,stokes-scaling,64,20,1,
weak-scaling-2026-stokes-BASE5-3way/default,gadi,stokes-scaling,64,20,2,
weak-scaling-2026-stokes-BASE5-3way/default,gadi,stokes-scaling,64,20,3,
weak-scaling-2026-stokes-BASE5-3way/default,gadi,stokes-scaling,125,25,1,
weak-scaling-2026-stokes-BASE5-3way/default,gadi,stokes-scaling,125,25,2,
weak-scaling-2026-stokes-BASE5-3way/default,gadi,stokes-scaling,125,25,3,
weak-scaling-2026-stokes-BASE5-3way/default,gadi,stokes-scaling,343,35,1,
weak-scaling-2026-stokes-BASE5-3way/default,gadi,stokes-scaling,343,35,2,
weak-scaling-2026-stokes-BASE5-3way/default,gadi,stokes-scaling,343,35,3,
weak-scaling-2026-stokes-BASE5-3way/default,gadi,stokes-scaling,1000,50,1,
weak-scaling-2026-stokes-BASE5-3way/default,gadi,stokes-scaling,1000,50,2,
weak-scaling-2026-stokes-BASE5-3way/default,gadi,stokes-scaling,1000,50,3,
weak-scaling-2026-stokes-BASE5-3way/1e-6,gadi,stokes-scaling,1,5,1,
weak-scaling-2026-stokes-BASE5-3way/1e-6,gadi,stokes-scaling,1,5,2,
weak-scaling-2026-stokes-BASE5-3way/1e-6,gadi,stokes-scaling,1,5,3,
weak-scaling-2026-stokes-BASE5-3way/1e-6,gadi,stokes-scaling,8,10,1,
weak-scaling-2026-stokes-BASE5-3way/1e-6,gadi,stokes-scaling,8,10,2,
weak-scaling-2026-stokes-BASE5-3way/1e-6,gadi,stokes-scaling,8,10,3,
weak-scaling-2026-stokes-BASE5-3way/1e-6,gadi,stokes-scaling,27,15,1,
weak-scaling-2026-stokes-BASE5-3way/1e-6,gadi,stokes-scaling,27,15,2,
weak-scaling-2026-stokes-BASE5-3way/1e-6,gadi,stokes-scaling,27,15,3,
weak-scaling-2026-stokes-BASE5-3way/1e-6,gadi,stokes-scaling,64,20,1,
weak-scaling-2026-stokes-BASE5-3way/1e-6,gadi,stokes-scaling,64,20,2,
weak-scaling-2026-stokes-BASE5-3way/1e-6,gadi,stokes-scaling,64,20,3,
weak-scaling-2026-stokes-BASE5-3way/1e-6,gadi,stokes-scaling,125,25,1,
weak-scaling-2026-stokes-BASE5-3way/1e-6,gadi,stokes-scaling,125,25,2,
weak-scaling-2026-stokes-BASE5-3way/1e-6,gadi,stokes-scaling,125,25,3,
weak-scaling-2026-stokes-BASE5-3way/1e-6,gadi,stokes-scaling,343,35,1,
weak-scaling-2026-stokes-BASE5-3way/1e-6,gadi,stokes-scaling,343,35,2,
weak-scaling-2026-stokes-BASE5-3way/1e-6,gadi,stokes-scaling,343,35,3,
weak-scaling-2026-stokes-BASE5-3way/1e-6,gadi,stokes-scaling,1000,50,1,
weak-scaling-2026-stokes-BASE5-3way/1e-6,gadi,stokes-scaling,1000,50,2,
weak-scaling-2026-stokes-BASE5-3way/1e-6,gadi,stokes-scaling,1000,50,3,
weak-scaling-2026-stokes-BASE5-3way/1e-3,gadi,stokes-scaling,1,5,1,
weak-scaling-2026-stokes-BASE5-3way/1e-3,gadi,stokes-scaling,1,5,2,
weak-scaling-2026-stokes-BASE5-3way/1e-3,gadi,stokes-scaling,1,5,3,
weak-scaling-2026-stokes-BASE5-3way/1e-3,gadi,stokes-scaling,8,10,1,
weak-scaling-2026-stokes-BASE5-3way/1e-3,gadi,stokes-scaling,8,10,2,
weak-scaling-2026-stokes-BASE5-3way/1e-3,gadi,stokes-scaling,8,10,3,
weak-scaling-2026-stokes-BASE5-3way/1e-3,gadi,stokes-scaling,27,15,1,
weak-scaling-2026-stokes-BASE5-3way/1e-3,gadi,stokes-scaling,27,15,2,
weak-scaling-2026-stokes-BASE5-3way/1e-3,gadi,stokes-scaling,27,15,3,
weak-scaling-2026-stokes-BASE5-3way/1e-3,gadi,stokes-scaling,64,20,1,
weak-scaling-2026-stokes-BASE5-3way/1e-3,gadi,stokes-scaling,64,20,2,
weak-scaling-2026-stokes-BASE5-3way/1e-3,gadi,stokes-scaling,64,20,3,
weak-scaling-2026-stokes-BASE5-3way/1e-3,gadi,stokes-scaling,125,25,1,
weak-scaling-2026-stokes-BASE5-3way/1e-3,gadi,stokes-scaling,125,25,2,
weak-scaling-2026-stokes-BASE5-3way/1e-3,gadi,stokes-scaling,125,25,3,
weak-scaling-2026-stokes-BASE5-innerscan/1e-4,gadi,stokes-scaling,1,5,1,
weak-scaling-2026-stokes-BASE5-innerscan/1e-5,gadi,stokes-scaling,1,5,1,
weak-scaling-2026-stokes-BASE5-innerscan/1e-6,gadi,stokes-scaling,1,5,1,
weak-scaling-2026-stokes-BASE10,gadi,stokes-scaling,1,10,1,
weak-scaling-2026-stokes-BASE10,gadi,stokes-scaling,1,10,2,
weak-scaling-2026-stokes-BASE10,gadi,stokes-scaling,1,10,3,
weak-scaling-2026-stokes-BASE10,gadi,stokes-scaling,8,20,1,
weak-scaling-2026-stokes-BASE10,gadi,stokes-scaling,8,20,2,
weak-scaling-2026-stokes-BASE10,gadi,stokes-scaling,8,20,3,
weak-scaling-2026-stokes-BASE10,gadi,stokes-scaling,27,30,1,
weak-scaling-2026-stokes-BASE10,gadi,stokes-scaling,27,30,2,
weak-scaling-2026-stokes-BASE10,gadi,stokes-scaling,27,30,3,
weak-scaling-2026-stokes-BASE10,gadi,stokes-scaling,64,40,1,
weak-scaling-2026-stokes-BASE10,gadi,stokes-scaling,64,40,2,
weak-scaling-2026-stokes-BASE10,gadi,stokes-scaling,64,40,3,
weak-scaling-2026-stokes-BASE10,gadi,stokes-scaling,125,50,1,
weak-scaling-2026-stokes-BASE10,gadi,stokes-scaling,125,50,2,
weak-scaling-2026-stokes-BASE10,gadi,stokes-scaling,125,50,3,
weak-scaling-2026-stokes-BASE10-spread,gadi,stokes-scaling,1,10,1,1
weak-scaling-2026-stokes-BASE10-spread,gadi,stokes-scaling,1,10,2,1
weak-scaling-2026-stokes-BASE10-spread,gadi,stokes-scaling,8,20,1,4
weak-scaling-2026-stokes-BASE10-spread,gadi,stokes-scaling,8,20,2,4
weak-scaling-2026-stokes-BASE10-spread,gadi,stokes-scaling,27,30,1,14
weak-scaling-2026-stokes-BASE10-spread,gadi,stokes-scaling,27,30,2,14
weak-scaling-2026-stokes-BASE10-spread,gadi,stokes-scaling,64,40,1,16
weak-scaling-2026-stokes-BASE10-spread,gadi,stokes-scaling,64,40,2,16
weak-scaling-2026-stokes-BASE10-spread,gadi,stokes-scaling,125,50,1,14
weak-scaling-2026-stokes-BASE10-spread,gadi,stokes-scaling,125,50,2,14
