campaign,nprocs,replicate,stage,time,time_rank0,messages,reductions,flop
weak-scaling-2026-BASE24-container2,1,1,error_analysis,1.51288,1.51288,0.0,0.0,116595000.0
weak-scaling-2026-BASE24-container2,1,1,first_solve,10.9955,10.9955,0.0,0.0,1069940000.0
weak-scaling-2026-BASE24-container2,1,1,mesh_setup,10.3117,10.3117,0.0,9.0,35034600.0
weak-scaling-2026-BASE24-container2,1,1,solver_setup,0.924146,0.924146,0.0,0.0,0.0
weak-scaling-2026-BASE24-container2,1,1,steady_solves,7.21345,7.21345,0.0,0.0,1021420000.0
weak-scaling-2026-BASE24-container2,1,2,error_analysis,1.50713,1.50713,0.0,0.0,116595000.0
weak-scaling-2026-BASE24-container2,1,2,first_solve,11.1548,11.1548,0.0,0.0,1069940000.0
weak-scaling-2026-BASE24-container2,1,2,mesh_setup,10.5519,10.5519,0.0,9.0,35034600.0
weak-scaling-2026-BASE24-container2,1,2,solver_setup,0.925413,0.925413,0.0,0.0,0.0
weak-scaling-2026-BASE24-container2,1,2,steady_solves,7.22359,7.22359,0.0,0.0,1021420000.0
weak-scaling-2026-BASE24-container2,1,3,error_analysis,1.5029,1.5029,0.0,0.0,116595000.0
weak-scaling-2026-BASE24-container2,1,3,first_solve,10.952,10.952,0.0,0.0,1069940000.0
weak-scaling-2026-BASE24-container2,1,3,mesh_setup,10.2543,10.2543,0.0,9.0,35034600.0
weak-scaling-2026-BASE24-container2,1,3,solver_setup,0.922017,0.922017,0.0,0.0,0.0
weak-scaling-2026-BASE24-container2,1,3,steady_solves,7.19461,7.19461,0.0,0.0,1021420000.0
weak-scaling-2026-BASE24-container2,8,1,error_analysis,1.80885,1.80885,84.0,52.0,112632000.0
weak-scaling-2026-BASE24-container2,8,1,first_solve,14.4346,14.4228,3677.0,738.0,1118590000.0
weak-scaling-2026-BASE24-container2,8,1,mesh_setup,18.5604,18.5586,372.0,326.0,33874700.0
weak-scaling-2026-BASE24-container2,8,1,solver_setup,0.934098,0.934098,0.0,0.0,0.0
weak-scaling-2026-BASE24-container2,8,1,steady_solves,7.49362,7.49322,1933.0,189.0,1072560000.0
weak-scaling-2026-BASE24-container2,8,2,error_analysis,1.7971,1.7971,84.0,52.0,112632000.0
weak-scaling-2026-BASE24-container2,8,2,first_solve,14.3886,14.381,4384.0,742.0,1105540000.0
weak-scaling-2026-BASE24-container2,8,2,mesh_setup,18.8538,18.8532,355.0,326.0,33297300.0
weak-scaling-2026-BASE24-container2,8,2,solver_setup,0.935331,0.928737,0.0,0.0,0.0
weak-scaling-2026-BASE24-container2,8,2,steady_solves,7.46942,7.46895,1863.0,189.0,1050000000.0
weak-scaling-2026-BASE24-container2,8,3,error_analysis,1.80095,1.80095,84.0,52.0,112632000.0
weak-scaling-2026-BASE24-container2,8,3,first_solve,14.3934,14.3866,4055.0,738.0,1114010000.0
weak-scaling-2026-BASE24-container2,8,3,mesh_setup,19.22,19.2187,367.0,326.0,33054200.0
weak-scaling-2026-BASE24-container2,8,3,solver_setup,0.926689,0.92415,0.0,0.0,0.0
weak-scaling-2026-BASE24-container2,8,3,steady_solves,7.42814,7.4278,1863.0,189.0,1050000000.0
weak-scaling-2026-BASE24-container2,27,1,error_analysis,2.23772,2.23772,60.0,52.0,112900000.0
weak-scaling-2026-BASE24-container2,27,1,first_solve,16.3614,16.3482,6659.0,739.0,1146640000.0
weak-scaling-2026-BASE24-container2,27,1,mesh_setup,46.0068,46.0055,436.0,326.0,34020000.0
weak-scaling-2026-BASE24-container2,27,1,solver_setup,0.962747,0.94629,0.0,0.0,0.0
weak-scaling-2026-BASE24-container2,27,1,steady_solves,8.09741,8.09724,2393.0,189.0,1104550000.0
weak-scaling-2026-BASE24-container2,27,2,error_analysis,2.23177,2.23177,60.0,52.0,112900000.0
weak-scaling-2026-BASE24-container2,27,2,first_solve,16.5519,16.5211,5332.0,739.0,1148960000.0
weak-scaling-2026-BASE24-container2,27,2,mesh_setup,46.315,46.3137,349.0,326.0,32490700.0
weak-scaling-2026-BASE24-container2,27,2,solver_setup,0.963674,0.950664,0.0,0.0,0.0
weak-scaling-2026-BASE24-container2,27,2,steady_solves,8.15606,8.15569,3797.0,189.0,1057750000.0
weak-scaling-2026-BASE24-container2,27,3,error_analysis,2.24217,2.24217,60.0,52.0,112900000.0
weak-scaling-2026-BASE24-container2,27,3,first_solve,16.5329,16.5139,6659.0,739.0,1146640000.0
weak-scaling-2026-BASE24-container2,27,3,mesh_setup,46.1759,46.1746,349.0,326.0,32490700.0
weak-scaling-2026-BASE24-container2,27,3,solver_setup,0.973255,0.964836,0.0,0.0,0.0
weak-scaling-2026-BASE24-container2,27,3,steady_solves,8.14935,8.14926,1879.0,189.0,1055540000.0
weak-scaling-2026-BASE24-container2,64,1,error_analysis,3.17384,3.17384,168.0,52.0,112830000.0
weak-scaling-2026-BASE24-container2,64,1,first_solve,16.8904,16.8521,8067.0,748.0,1100340000.0
weak-scaling-2026-BASE24-container2,64,1,mesh_setup,109.044,109.042,439.0,326.0,31299300.0
weak-scaling-2026-BASE24-container2,64,1,solver_setup,0.985665,0.957399,0.0,0.0,0.0
weak-scaling-2026-BASE24-container2,64,1,steady_solves,8.19236,8.19191,4891.0,189.0,1055830000.0
weak-scaling-2026-BASE24-container2,64,2,error_analysis,3.10166,3.10166,168.0,52.0,112830000.0
weak-scaling-2026-BASE24-container2,64,2,first_solve,16.8965,16.8585,8524.0,744.0,1187880000.0
weak-scaling-2026-BASE24-container2,64,2,mesh_setup,109.491,109.489,416.0,326.0,32683600.0
weak-scaling-2026-BASE24-container2,64,2,solver_setup,0.974973,0.956232,0.0,0.0,0.0
weak-scaling-2026-BASE24-container2,64,2,steady_solves,8.20885,8.20792,3425.0,189.0,1093010000.0
weak-scaling-2026-BASE24-container2,64,3,error_analysis,3.03324,3.03324,168.0,52.0,112830000.0
weak-scaling-2026-BASE24-container2,64,3,first_solve,16.9259,16.8934,9218.0,748.0,1152390000.0
weak-scaling-2026-BASE24-container2,64,3,mesh_setup,109.871,109.869,416.0,326.0,32683600.0
weak-scaling-2026-BASE24-container2,64,3,solver_setup,0.980036,0.955589,0.0,0.0,0.0
weak-scaling-2026-BASE24-container2,64,3,steady_solves,8.21228,8.21192,1627.0,189.0,1066490000.0
weak-scaling-2026-BASE24-container2,125,1,error_analysis,3.22756,3.22756,84.0,52.0,111308000.0
weak-scaling-2026-BASE24-container2,125,1,first_solve,17.6354,17.6164,9623.0,747.0,1165670000.0
weak-scaling-2026-BASE24-container2,125,1,mesh_setup,224.097,224.093,323.0,326.0,32159600.0
weak-scaling-2026-BASE24-container2,125,1,solver_setup,0.983346,0.944352,0.0,0.0,0.0
weak-scaling-2026-BASE24-container2,125,1,steady_solves,8.36289,8.3612,3220.0,189.0,1089220000.0
weak-scaling-2026-BASE24-container2,125,2,error_analysis,3.18321,3.18321,84.0,52.0,111308000.0
weak-scaling-2026-BASE24-container2,125,2,first_solve,17.7867,17.7485,6465.0,747.0,1125970000.0
weak-scaling-2026-BASE24-container2,125,2,mesh_setup,223.96,223.957,323.0,326.0,32159600.0
weak-scaling-2026-BASE24-container2,125,2,solver_setup,0.984017,0.965497,0.0,0.0,0.0
weak-scaling-2026-BASE24-container2,125,2,steady_solves,8.29049,8.2877,3456.0,189.0,1081270000.0
weak-scaling-2026-BASE24-container2,125,3,error_analysis,3.0035,3.0035,84.0,52.0,111308000.0
weak-scaling-2026-BASE24-container2,125,3,first_solve,17.7323,17.6949,6356.0,747.0,1164930000.0
weak-scaling-2026-BASE24-container2,125,3,mesh_setup,220.92,220.916,507.0,326.0,32593100.0
weak-scaling-2026-BASE24-container2,125,3,solver_setup,0.986057,0.958517,0.0,0.0,0.0
weak-scaling-2026-BASE24-container2,125,3,steady_solves,8.39908,8.39878,1603.0,189.0,1044900000.0
weak-scaling-2026-BASE24-container2,343,1,error_analysis,3.53052,3.52971,204.0,52.0,108631000.0
weak-scaling-2026-BASE24-container2,343,1,first_solve,18.4613,18.4298,4895.0,752.0,1146380000.0
weak-scaling-2026-BASE24-container2,343,1,mesh_setup,653.356,653.353,541.0,326.0,31166400.0
weak-scaling-2026-BASE24-container2,343,1,solver_setup,0.973374,0.951523,0.0,0.0,0.0
weak-scaling-2026-BASE24-container2,343,1,steady_solves,8.40485,8.40464,2560.0,189.0,1034550000.0
weak-scaling-2026-BASE24-container2,343,2,error_analysis,3.21486,3.21486,144.0,52.0,112621000.0
weak-scaling-2026-BASE24-container2,343,2,first_solve,18.4814,18.4402,10695.0,752.0,1218200000.0
weak-scaling-2026-BASE24-container2,343,2,mesh_setup,659.546,659.545,541.0,326.0,31166400.0
weak-scaling-2026-BASE24-container2,343,2,solver_setup,0.981327,0.960045,0.0,0.0,0.0
weak-scaling-2026-BASE24-container2,343,2,steady_solves,8.43731,8.43661,2063.0,189.0,1039950000.0
weak-scaling-2026-BASE24-container2,343,3,error_analysis,3.3366,3.33561,168.0,52.0,109720000.0
weak-scaling-2026-BASE24-container2,343,3,first_solve,18.6444,18.56,10695.0,752.0,1218200000.0
weak-scaling-2026-BASE24-container2,343,3,mesh_setup,665.386,665.382,532.0,326.0,31788500.0
weak-scaling-2026-BASE24-container2,343,3,solver_setup,1.01851,1.0065,0.0,0.0,0.0
weak-scaling-2026-BASE24-container2,343,3,steady_solves,8.4736,8.47301,3146.0,189.0,1087210000.0
weak-scaling-2026-BASE24-container2,1000,1,error_analysis,3.43038,3.42959,132.0,52.0,108331000.0
weak-scaling-2026-BASE24-container2,1000,1,first_solve,23.1211,23.0698,10689.0,925.0,1232810000.0
weak-scaling-2026-BASE24-container2,1000,1,mesh_setup,2178.73,2178.73,73713.0,326.0,31263900.0
weak-scaling-2026-BASE24-container2,1000,1,solver_setup,1.02726,0.979402,0.0,0.0,0.0
weak-scaling-2026-BASE24-container2,1000,1,steady_solves,8.7801,8.77853,12671.0,223.0,1099530000.0
weak-scaling-2026-BASE24-container2,1000,2,error_analysis,3.24464,3.24455,108.0,52.0,109428000.0
weak-scaling-2026-BASE24-container2,1000,2,first_solve,23.2328,23.203,18445.0,925.0,1100390000.0
weak-scaling-2026-BASE24-container2,1000,2,mesh_setup,2183.88,2183.87,361.0,326.0,31939200.0
weak-scaling-2026-BASE24-container2,1000,2,solver_setup,1.00925,0.959914,0.0,0.0,0.0
weak-scaling-2026-BASE24-container2,1000,2,steady_solves,8.89923,8.89702,7313.0,223.0,1066420000.0
weak-scaling-2026-BASE24-container2,1000,3,error_analysis,3.33465,3.33407,192.0,52.0,114567000.0
weak-scaling-2026-BASE24-container2,1000,3,first_solve,23.3738,23.315,23793.0,929.0,1134120000.0
weak-scaling-2026-BASE24-container2,1000,3,mesh_setup,2161.17,2161.16,361.0,326.0,31939200.0
weak-scaling-2026-BASE24-container2,1000,3,solver_setup,1.03898,0.982941,0.0,0.0,0.0
weak-scaling-2026-BASE24-container2,1000,3,steady_solves,8.84599,8.83523,1933.0,223.0,1048810000.0
weak-scaling-2026-BASE24-container2,2197,1,error_analysis,4.33147,4.33012,83.0,49.0,107004000.0
weak-scaling-2026-BASE24-container2,2197,1,first_solve,26.0741,25.9703,7736.0,726.0,1170550000.0
weak-scaling-2026-BASE24-container2,2197,1,mesh_setup,5604.69,5604.69,157542.0,286.0,31579300.0
weak-scaling-2026-BASE24-container2,2197,1,solver_setup,1.25422,1.02997,0.0,0.0,0.0
weak-scaling-2026-BASE24-container2,2197,1,steady_solves,9.08332,9.08221,2618.0,212.0,1064830000.0
weak-scaling-2026-BASE24-container2,2197,2,error_analysis,3.78379,3.78335,200.0,49.0,108939000.0
weak-scaling-2026-BASE24-container2,2197,2,first_solve,24.8288,24.7548,6135.0,726.0,1081970000.0
weak-scaling-2026-BASE24-container2,2197,2,mesh_setup,5637.28,5637.27,419.0,286.0,32211200.0
weak-scaling-2026-BASE24-container2,2197,2,solver_setup,1.19874,1.00595,0.0,0.0,0.0
weak-scaling-2026-BASE24-container2,2197,2,steady_solves,9.06252,9.05136,4922.0,212.0,1118680000.0
weak-scaling-2026-poisson-analytic,1,1,error_analysis,1.32947,1.32947,0.0,0.0,116595000.0
weak-scaling-2026-poisson-analytic,1,1,first_solve,11.0451,11.0451,0.0,0.0,1069940000.0
weak-scaling-2026-poisson-analytic,1,1,mesh_setup,10.3035,10.3035,0.0,9.0,35034600.0
weak-scaling-2026-poisson-analytic,1,1,solver_setup,0.929517,0.929517,0.0,0.0,0.0
weak-scaling-2026-poisson-analytic,1,1,steady_solves,7.19736,7.19736,0.0,0.0,1021420000.0
weak-scaling-2026-poisson-analytic,1,2,error_analysis,1.31095,1.31095,0.0,0.0,116595000.0
weak-scaling-2026-poisson-analytic,1,2,first_solve,11.0407,11.0407,0.0,0.0,1069940000.0
weak-scaling-2026-poisson-analytic,1,2,mesh_setup,10.3421,10.3421,0.0,9.0,35034600.0
weak-scaling-2026-poisson-analytic,1,2,solver_setup,0.927109,0.927109,0.0,0.0,0.0
weak-scaling-2026-poisson-analytic,1,2,steady_solves,7.21408,7.21408,0.0,0.0,1021420000.0
weak-scaling-2026-poisson-analytic,1,3,error_analysis,1.30158,1.30158,0.0,0.0,116595000.0
weak-scaling-2026-poisson-analytic,1,3,first_solve,10.9638,10.9638,0.0,0.0,1069940000.0
weak-scaling-2026-poisson-analytic,1,3,mesh_setup,10.2678,10.2678,0.0,9.0,35034600.0
weak-scaling-2026-poisson-analytic,1,3,solver_setup,0.920719,0.920719,0.0,0.0,0.0
weak-scaling-2026-poisson-analytic,1,3,steady_solves,7.20698,7.20698,0.0,0.0,1021420000.0
weak-scaling-2026-poisson-analytic,125,1,error_analysis,1.73264,1.73264,84.0,52.0,111308000.0
weak-scaling-2026-poisson-analytic,125,1,first_solve,17.6067,17.6067,9982.0,732.0,1082250000.0
weak-scaling-2026-poisson-analytic,125,1,mesh_setup,221.208,221.207,323.0,326.0,32159600.0
weak-scaling-2026-poisson-analytic,125,1,solver_setup,0.971022,0.971022,0.0,0.0,0.0
weak-scaling-2026-poisson-analytic,125,1,steady_solves,8.32079,8.32042,2074.0,189.0,1070020000.0
weak-scaling-2026-poisson-analytic,125,2,error_analysis,1.71009,1.71009,84.0,52.0,111308000.0
weak-scaling-2026-poisson-analytic,125,2,first_solve,17.814,17.814,9982.0,732.0,1082250000.0
weak-scaling-2026-poisson-analytic,125,2,mesh_setup,224.675,224.673,323.0,326.0,32159600.0
weak-scaling-2026-poisson-analytic,125,2,solver_setup,0.964927,0.962866,0.0,0.0,0.0
weak-scaling-2026-poisson-analytic,125,2,steady_solves,8.25454,8.25393,1852.0,189.0,1029120000.0
weak-scaling-2026-poisson-analytic,125,3,error_analysis,1.78185,1.78185,84.0,52.0,111308000.0
weak-scaling-2026-poisson-analytic,125,3,first_solve,17.888,17.8867,4856.0,728.0,1144760000.0
weak-scaling-2026-poisson-analytic,125,3,mesh_setup,216.175,216.172,407.0,326.0,33549600.0
weak-scaling-2026-poisson-analytic,125,3,solver_setup,1.05207,0.961246,0.0,0.0,0.0
weak-scaling-2026-poisson-analytic,125,3,steady_solves,8.46197,8.46165,9440.0,189.0,1118790000.0
weak-scaling-2026-advdiff-BASE24,1,1,first_solve,209.32,209.32,0.0,0.0,18385300000.0
weak-scaling-2026-advdiff-BASE24,1,1,mesh_setup,10.2733,10.2733,0.0,9.0,35093300.0
weak-scaling-2026-advdiff-BASE24,1,1,solver_setup,0.908898,0.908898,0.0,0.0,233906.0
weak-scaling-2026-advdiff-BASE24,1,1,steady_solves,916.553,916.553,0.0,0.0,73556100000.0
weak-scaling-2026-advdiff-BASE24,1,2,first_solve,211.575,211.575,0.0,0.0,18385300000.0
weak-scaling-2026-advdiff-BASE24,1,2,mesh_setup,10.2045,10.2045,0.0,9.0,35093300.0
weak-scaling-2026-advdiff-BASE24,1,2,solver_setup,0.883471,0.883471,0.0,0.0,233906.0
weak-scaling-2026-advdiff-BASE24,1,2,steady_solves,929.063,929.063,0.0,0.0,73556100000.0
weak-scaling-2026-advdiff-BASE24,8,1,first_solve,294.549,294.549,18439.0,3993.0,17705000000.0
weak-scaling-2026-advdiff-BASE24,8,1,mesh_setup,18.7323,18.7312,355.0,333.0,33356000.0
weak-scaling-2026-advdiff-BASE24,8,1,solver_setup,1.03022,1.02999,252.0,197.0,233906.0
weak-scaling-2026-advdiff-BASE24,8,1,steady_solves,1663.1,1663.1,74835.0,17466.0,70100600000.0
weak-scaling-2026-advdiff-BASE24,8,2,first_solve,294.248,294.248,18439.0,3993.0,17705000000.0
weak-scaling-2026-advdiff-BASE24,8,2,mesh_setup,18.8003,18.7986,367.0,333.0,33999300.0
weak-scaling-2026-advdiff-BASE24,8,2,solver_setup,1.03664,1.03646,252.0,197.0,233906.0
weak-scaling-2026-advdiff-BASE24,8,2,steady_solves,1661.51,1661.51,74835.0,17466.0,70100600000.0
weak-scaling-2026-advdiff-BASE24,27,1,first_solve,333.269,333.269,26554.0,4007.0,17786400000.0
weak-scaling-2026-advdiff-BASE24,27,1,mesh_setup,47.0694,47.0679,457.0,333.0,32320300.0
weak-scaling-2026-advdiff-BASE24,27,1,solver_setup,1.42602,1.42581,462.0,197.0,233906.0
weak-scaling-2026-advdiff-BASE24,27,1,steady_solves,1969.44,1969.44,108883.0,17475.0,70442000000.0
weak-scaling-2026-advdiff-BASE24,27,2,first_solve,333.039,333.039,26554.0,4007.0,17786400000.0
weak-scaling-2026-advdiff-BASE24,27,2,mesh_setup,45.8117,45.8102,389.0,333.0,32884700.0
weak-scaling-2026-advdiff-BASE24,27,2,solver_setup,1.39644,1.39607,504.0,197.0,233906.0
weak-scaling-2026-advdiff-BASE24,27,2,steady_solves,1958.35,1958.35,108883.0,17475.0,70442000000.0
weak-scaling-2026-advdiff-BASE24,64,1,first_solve,370.545,370.544,35999.0,4146.0,18528100000.0
weak-scaling-2026-advdiff-BASE24,64,1,mesh_setup,108.831,108.829,416.0,333.0,32742200.0
weak-scaling-2026-advdiff-BASE24,64,1,solver_setup,2.23169,2.23147,672.0,197.0,233906.0
weak-scaling-2026-advdiff-BASE24,64,1,steady_solves,2295.22,2295.22,180444.0,17955.0,70559400000.0
weak-scaling-2026-advdiff-BASE24,64,2,first_solve,363.152,363.152,53335.0,4150.0,17847600000.0
weak-scaling-2026-advdiff-BASE24,64,2,mesh_setup,110.414,110.413,416.0,333.0,32742200.0
weak-scaling-2026-advdiff-BASE24,64,2,solver_setup,2.16134,2.16117,546.0,197.0,233906.0
weak-scaling-2026-advdiff-BASE24,64,2,steady_solves,2247.63,2247.63,180444.0,17955.0,70559400000.0
weak-scaling-2026-advdiff-BASE24,125,1,first_solve,385.657,385.657,55469.0,4081.0,17525500000.0
weak-scaling-2026-advdiff-BASE24,125,1,mesh_setup,218.826,218.822,323.0,333.0,32218200.0
weak-scaling-2026-advdiff-BASE24,125,1,solver_setup,2.24904,2.24849,504.0,197.0,233906.0
weak-scaling-2026-advdiff-BASE24,125,1,steady_solves,2460.17,2460.17,222669.0,17955.0,69280800000.0
weak-scaling-2026-advdiff-BASE24,125,2,first_solve,388.144,388.144,55469.0,4081.0,17525500000.0
weak-scaling-2026-advdiff-BASE24,125,2,mesh_setup,221.607,221.604,323.0,333.0,32218200.0
weak-scaling-2026-advdiff-BASE24,125,2,solver_setup,2.23553,2.23497,546.0,197.0,233906.0
weak-scaling-2026-advdiff-BASE24,125,2,steady_solves,2484.88,2484.88,222669.0,17955.0,69280800000.0
weak-scaling-2026-advdiff-BASE24,343,1,first_solve,445.507,445.506,50300.0,4355.0,17616900000.0
weak-scaling-2026-advdiff-BASE24,343,1,mesh_setup,658.206,658.202,433.0,333.0,33452300.0
weak-scaling-2026-advdiff-BASE24,343,1,solver_setup,2.27007,2.26904,336.0,197.0,233906.0
weak-scaling-2026-advdiff-BASE24,343,1,steady_solves,3056.85,3056.85,375651.0,18655.0,70678900000.0
weak-scaling-2026-advdiff-BASE24,343,2,first_solve,443.788,443.787,71925.0,4355.0,18237100000.0
weak-scaling-2026-advdiff-BASE24,343,2,mesh_setup,657.399,657.395,532.0,333.0,31847100.0
weak-scaling-2026-advdiff-BASE24,343,2,solver_setup,2.33392,2.33301,504.0,197.0,233906.0
weak-scaling-2026-advdiff-BASE24,343,2,steady_solves,3062.5,3062.5,375651.0,18655.0,70678900000.0
weak-scaling-2026-advdiff-BASE24,1000,1,first_solve,543.59,543.589,33022.0,4674.0,18435200000.0
weak-scaling-2026-advdiff-BASE24,1000,1,mesh_setup,2114.46,2114.46,73713.0,333.0,31322500.0
weak-scaling-2026-advdiff-BASE24,1000,1,solver_setup,2.54165,2.54036,714.0,197.0,233906.0
weak-scaling-2026-advdiff-BASE24,1000,1,steady_solves,4016.52,4016.52,540771.0,18893.0,71066600000.0
weak-scaling-2026-advdiff-meshindep,1,1,first_solve,231.75,231.75,0.0,0.0,21157600000.0
weak-scaling-2026-advdiff-meshindep,1,1,mesh_setup,10.3646,10.3646,0.0,9.0,35093300.0
weak-scaling-2026-advdiff-meshindep,1,1,solver_setup,1.03391,1.03391,0.0,0.0,233906.0
weak-scaling-2026-advdiff-meshindep,1,1,steady_solves,1261.94,1261.94,0.0,0.0,113954000000.0
weak-scaling-2026-advdiff-meshindep,8,1,first_solve,315.835,315.835,22132.0,4171.0,20537200000.0
weak-scaling-2026-advdiff-meshindep,8,1,mesh_setup,18.4102,18.4086,372.0,333.0,33933400.0
weak-scaling-2026-advdiff-meshindep,8,1,solver_setup,1.04053,1.04033,252.0,197.0,233906.0
weak-scaling-2026-advdiff-meshindep,8,1,steady_solves,2131.76,2131.76,116160.0,19291.0,125175000000.0
weak-scaling-2026-advdiff-meshindep,64,1,first_solve,383.731,383.731,65628.0,4337.0,20787900000.0
weak-scaling-2026-advdiff-meshindep,64,1,mesh_setup,110.806,110.804,625.0,333.0,30833200.0
weak-scaling-2026-advdiff-meshindep,64,1,solver_setup,2.30883,2.30871,672.0,197.0,233906.0
weak-scaling-2026-advdiff-meshindep,64,1,steady_solves,2585.9,2585.9,294990.0,19371.0,111196000000.0
weak-scaling-2026-checkpoint,1,1,eval_nodal,0.00265057,0.00265057,0.0,0.0,0.0
weak-scaling-2026-checkpoint,1,1,eval_offnode,0.00281102,0.00281102,0.0,0.0,0.0
weak-scaling-2026-checkpoint,1,1,field_setup,0.622356,0.622356,0.0,0.0,2.0
weak-scaling-2026-checkpoint,1,1,io_read,1.09476,1.09476,0.0,0.0,41790.0
weak-scaling-2026-checkpoint,1,1,io_verify,0.00167525,0.00167525,0.0,0.0,0.0
weak-scaling-2026-checkpoint,1,1,io_write,4.23613,4.23613,0.0,0.0,26168200.0
weak-scaling-2026-checkpoint,1,1,mesh_setup,11.7813,11.7813,0.0,9.0,34932300.0
weak-scaling-2026-checkpoint,1,2,eval_nodal,0.00259901,0.00259901,0.0,0.0,0.0
weak-scaling-2026-checkpoint,1,2,eval_offnode,0.00277075,0.00277075,0.0,0.0,0.0
weak-scaling-2026-checkpoint,1,2,field_setup,0.603678,0.603678,0.0,0.0,2.0
weak-scaling-2026-checkpoint,1,2,io_read,1.10827,1.10827,0.0,0.0,41790.0
weak-scaling-2026-checkpoint,1,2,io_verify,0.00152322,0.00152322,0.0,0.0,0.0
weak-scaling-2026-checkpoint,1,2,io_write,4.40585,4.40585,0.0,0.0,26168200.0
weak-scaling-2026-checkpoint,1,2,mesh_setup,10.3149,10.3149,0.0,9.0,34932300.0
weak-scaling-2026-checkpoint,8,1,eval_nodal,0.00264401,0.00260678,0.0,0.0,0.0
weak-scaling-2026-checkpoint,8,1,eval_offnode,0.00279843,0.00278358,0.0,0.0,0.0
weak-scaling-2026-checkpoint,8,1,field_setup,0.726241,0.726028,231.0,121.0,2.0
weak-scaling-2026-checkpoint,8,1,io_read,2.17205,2.16696,744.0,396.0,41790.0
weak-scaling-2026-checkpoint,8,1,io_verify,0.00305841,0.00275249,0.0,0.0,0.0
weak-scaling-2026-checkpoint,8,1,io_write,6.64637,6.64637,372.0,382.0,22918800.0
weak-scaling-2026-checkpoint,8,1,mesh_setup,18.4999,18.4977,367.0,333.0,32951900.0
weak-scaling-2026-checkpoint,8,2,eval_nodal,0.00266041,0.00258069,0.0,0.0,0.0
weak-scaling-2026-checkpoint,8,2,eval_offnode,0.00281411,0.00281411,0.0,0.0,0.0
weak-scaling-2026-checkpoint,8,2,field_setup,0.731621,0.731416,198.0,121.0,2.0
weak-scaling-2026-checkpoint,8,2,io_read,2.15179,2.14673,768.0,396.0,41790.0
weak-scaling-2026-checkpoint,8,2,io_verify,0.00297554,0.00274299,0.0,0.0,0.0
weak-scaling-2026-checkpoint,8,2,io_write,5.87023,5.87023,372.0,382.0,22918800.0
weak-scaling-2026-checkpoint,8,2,mesh_setup,18.3315,18.3306,367.0,333.0,32951900.0
weak-scaling-2026-checkpoint,27,1,eval_nodal,0.00270768,0.00266893,0.0,0.0,0.0
weak-scaling-2026-checkpoint,27,1,eval_offnode,0.00288878,0.00284882,0.0,0.0,0.0
weak-scaling-2026-checkpoint,27,1,field_setup,1.08756,1.08732,396.0,121.0,2.0
weak-scaling-2026-checkpoint,27,1,io_read,5.09843,5.09049,1041.0,396.0,41790.0
weak-scaling-2026-checkpoint,27,1,io_verify,0.0042868,0.00345732,0.0,0.0,0.0
weak-scaling-2026-checkpoint,27,1,io_write,8.01851,8.01851,248.0,382.0,22676400.0
weak-scaling-2026-checkpoint,27,1,mesh_setup,45.7193,45.7178,356.0,333.0,33440300.0
weak-scaling-2026-checkpoint,27,2,eval_nodal,0.00271582,0.00271582,0.0,0.0,0.0
weak-scaling-2026-checkpoint,27,2,eval_offnode,0.00295067,0.00291228,0.0,0.0,0.0
weak-scaling-2026-checkpoint,27,2,field_setup,1.12573,1.12554,363.0,121.0,2.0
weak-scaling-2026-checkpoint,27,2,io_read,5.12866,5.12127,1041.0,396.0,41790.0
weak-scaling-2026-checkpoint,27,2,io_verify,0.00431976,0.00327964,0.0,0.0,0.0
weak-scaling-2026-checkpoint,27,2,io_write,9.01214,9.01214,248.0,382.0,22676400.0
weak-scaling-2026-checkpoint,27,2,mesh_setup,46.6537,46.6518,535.0,333.0,31988200.0
weak-scaling-2026-checkpoint,64,1,eval_nodal,0.00271223,0.00259179,0.0,0.0,0.0
weak-scaling-2026-checkpoint,64,1,eval_offnode,0.00287546,0.00281099,0.0,0.0,0.0
weak-scaling-2026-checkpoint,64,1,field_setup,1.96033,1.96003,330.0,121.0,2.0
weak-scaling-2026-checkpoint,64,1,io_read,12.341,12.3307,1494.0,396.0,41790.0
weak-scaling-2026-checkpoint,64,1,io_verify,0.00506617,0.00348988,0.0,0.0,0.0
weak-scaling-2026-checkpoint,64,1,io_write,10.5199,10.5199,806.0,382.0,21126700.0
weak-scaling-2026-checkpoint,64,1,mesh_setup,112.223,112.221,416.0,333.0,32581300.0
weak-scaling-2026-checkpoint,64,2,eval_nodal,0.00277409,0.00253856,0.0,0.0,0.0
weak-scaling-2026-checkpoint,64,2,eval_offnode,0.00291268,0.00280758,0.0,0.0,0.0
weak-scaling-2026-checkpoint,64,2,field_setup,1.8645,1.86426,561.0,121.0,2.0
weak-scaling-2026-checkpoint,64,2,io_read,11.6087,11.5996,2001.0,396.0,41790.0
weak-scaling-2026-checkpoint,64,2,io_verify,0.00520968,0.00343965,0.0,0.0,0.0
weak-scaling-2026-checkpoint,64,2,io_write,12.2445,12.2445,806.0,382.0,21126700.0
weak-scaling-2026-checkpoint,64,2,mesh_setup,111.008,111.006,416.0,333.0,32581300.0
weak-scaling-2026-checkpoint,125,1,eval_nodal,0.00283122,0.00257713,0.0,0.0,0.0
weak-scaling-2026-checkpoint,125,1,eval_offnode,0.0029683,0.00271617,0.0,0.0,0.0
weak-scaling-2026-checkpoint,125,1,field_setup,1.89944,1.89902,363.0,121.0,2.0
weak-scaling-2026-checkpoint,125,1,io_read,23.2304,23.2235,1482.0,396.0,41790.0
weak-scaling-2026-checkpoint,125,1,io_verify,0.00524814,0.00372314,0.0,0.0,0.0
weak-scaling-2026-checkpoint,125,1,io_write,16.0892,16.0892,372.0,382.0,21752100.0
weak-scaling-2026-checkpoint,125,1,mesh_setup,220.749,220.746,323.0,333.0,32057300.0
weak-scaling-2026-checkpoint,125,2,eval_nodal,0.00281727,0.00267258,0.0,0.0,0.0
weak-scaling-2026-checkpoint,125,2,eval_offnode,0.00315597,0.00315597,0.0,0.0,0.0
weak-scaling-2026-checkpoint,125,2,field_setup,2.01969,2.01928,363.0,121.0,2.0
weak-scaling-2026-checkpoint,125,2,io_read,22.9514,22.9434,1581.0,396.0,41790.0
weak-scaling-2026-checkpoint,125,2,io_verify,0.00570087,0.00438866,0.0,0.0,0.0
weak-scaling-2026-checkpoint,125,2,io_write,17.6366,17.6366,372.0,382.0,21752100.0
weak-scaling-2026-checkpoint,125,2,mesh_setup,227.103,227.099,568.0,333.0,31409200.0
weak-scaling-2026-checkpoint,343,1,eval_nodal,0.00292889,0.00260177,0.0,0.0,0.0
weak-scaling-2026-checkpoint,343,1,eval_offnode,0.00309286,0.00277925,0.0,0.0,0.0
weak-scaling-2026-checkpoint,343,1,field_setup,2.04814,2.04746,528.0,121.0,2.0
weak-scaling-2026-checkpoint,343,1,io_read,72.5646,72.5499,879.0,396.0,41790.0
weak-scaling-2026-checkpoint,343,1,io_verify,0.0110138,0.00840919,0.0,0.0,0.0
weak-scaling-2026-checkpoint,343,1,io_write,47.2097,47.2097,682.0,382.0,20840100.0
weak-scaling-2026-checkpoint,343,1,mesh_setup,658.369,658.368,541.0,333.0,31064100.0
weak-scaling-2026-checkpoint,343,2,eval_nodal,0.00293047,0.00274591,0.0,0.0,0.0
weak-scaling-2026-checkpoint,343,2,eval_offnode,0.00297472,0.00288141,0.0,0.0,0.0
weak-scaling-2026-checkpoint,343,2,field_setup,2.15857,2.15786,462.0,121.0,2.0
weak-scaling-2026-checkpoint,343,2,io_read,69.5485,69.5203,1494.0,396.0,41790.0
weak-scaling-2026-checkpoint,343,2,io_verify,0.00583777,0.00249137,0.0,0.0,0.0
weak-scaling-2026-checkpoint,343,2,io_write,20.5195,20.5195,682.0,382.0,20840100.0
weak-scaling-2026-checkpoint,343,2,mesh_setup,662.309,662.306,541.0,333.0,31064100.0
weak-scaling-2026-checkpoint,1000,1,eval_nodal,0.00296587,0.00261781,0.0,0.0,0.0
weak-scaling-2026-checkpoint,1000,1,eval_offnode,0.00310163,0.00265968,0.0,0.0,0.0
weak-scaling-2026-checkpoint,1000,1,field_setup,2.09684,2.09572,264.0,121.0,2.0
weak-scaling-2026-checkpoint,1000,1,io_read,257.421,257.409,1554.0,396.0,41790.0
weak-scaling-2026-checkpoint,1000,1,io_verify,0.00637203,0.0038852,0.0,0.0,0.0
weak-scaling-2026-checkpoint,1000,1,io_write,79.7747,79.7747,744.0,382.0,21328300.0
weak-scaling-2026-checkpoint,1000,1,mesh_setup,2184.62,2184.62,73713.0,333.0,31161600.0
weak-scaling-2026-checkpoint,1000,2,eval_nodal,0.00327983,0.00274171,0.0,0.0,0.0
weak-scaling-2026-checkpoint,1000,2,eval_offnode,0.00314105,0.00282283,0.0,0.0,0.0
weak-scaling-2026-checkpoint,1000,2,field_setup,2.13448,2.134,330.0,121.0,2.0
weak-scaling-2026-checkpoint,1000,2,io_read,269.323,269.31,1545.0,396.0,41790.0
weak-scaling-2026-checkpoint,1000,2,io_verify,0.00705225,0.00532547,0.0,0.0,0.0
weak-scaling-2026-checkpoint,1000,2,io_write,59.6094,59.6094,744.0,382.0,21328300.0
weak-scaling-2026-checkpoint,1000,2,mesh_setup,2139.6,2139.6,73713.0,333.0,31161600.0
weak-scaling-2026-checkpoint-evalfix,1,1,eval_nodal,0.234336,0.234336,0.0,0.0,3247200.0
weak-scaling-2026-checkpoint-evalfix,1,1,eval_offnode,0.277118,0.277118,0.0,0.0,3247200.0
weak-scaling-2026-checkpoint-evalfix,1,1,field_setup,0.68458,0.68458,0.0,0.0,2.0
weak-scaling-2026-checkpoint-evalfix,1,1,io_read,1.09944,1.09944,0.0,0.0,41790.0
weak-scaling-2026-checkpoint-evalfix,1,1,io_verify,0.001165,0.001165,0.0,0.0,0.0
weak-scaling-2026-checkpoint-evalfix,1,1,io_write,4.30193,4.30193,0.0,0.0,26168200.0
weak-scaling-2026-checkpoint-evalfix,1,1,mesh_setup,10.3841,10.3841,0.0,9.0,34932300.0
weak-scaling-2026-checkpoint-evalfix,8,1,eval_nodal,0.970117,0.693203,0.0,0.0,3117310.0
weak-scaling-2026-checkpoint-evalfix,8,1,eval_offnode,0.460119,0.409854,0.0,0.0,2797080.0
weak-scaling-2026-checkpoint-evalfix,8,1,field_setup,0.735683,0.735458,198.0,121.0,2.0
weak-scaling-2026-checkpoint-evalfix,8,1,io_read,2.16414,2.15966,744.0,396.0,41790.0
weak-scaling-2026-checkpoint-evalfix,8,1,io_verify,0.00295612,0.00269745,0.0,0.0,0.0
weak-scaling-2026-checkpoint-evalfix,8,1,io_write,5.98626,5.98626,372.0,382.0,22918800.0
weak-scaling-2026-checkpoint-evalfix,8,1,mesh_setup,19.1744,19.1702,352.0,333.0,33206300.0
weak-scaling-2026-checkpoint-evalfix,27,1,eval_nodal,3.16123,2.41782,0.0,0.0,3100940.0
weak-scaling-2026-checkpoint-evalfix,27,1,eval_offnode,0.485772,0.444376,0.0,0.0,2785990.0
weak-scaling-2026-checkpoint-evalfix,27,1,field_setup,1.10064,1.10032,363.0,121.0,2.0
weak-scaling-2026-checkpoint-evalfix,27,1,io_read,5.1773,5.1689,1590.0,396.0,41790.0
weak-scaling-2026-checkpoint-evalfix,27,1,io_verify,0.00441059,0.00363303,0.0,0.0,0.0
weak-scaling-2026-checkpoint-evalfix,27,1,io_write,8.14666,8.14666,248.0,382.0,22676400.0
weak-scaling-2026-checkpoint-evalfix,27,1,mesh_setup,47.6696,47.668,535.0,333.0,31988200.0
weak-scaling-2026-checkpoint-evalfix,64,1,eval_nodal,4.7157,3.10004,0.0,0.0,2910340.0
weak-scaling-2026-checkpoint-evalfix,64,1,eval_offnode,0.507042,0.460747,0.0,0.0,2697550.0
weak-scaling-2026-checkpoint-evalfix,64,1,field_setup,1.8546,1.8543,396.0,121.0,2.0
weak-scaling-2026-checkpoint-evalfix,64,1,io_read,11.485,11.4789,1494.0,396.0,41790.0
weak-scaling-2026-checkpoint-evalfix,64,1,io_verify,0.00512065,0.00321931,0.0,0.0,0.0
weak-scaling-2026-checkpoint-evalfix,64,1,io_write,10.8644,10.8644,806.0,382.0,21126700.0
weak-scaling-2026-checkpoint-evalfix,64,1,mesh_setup,110.16,110.157,416.0,333.0,32581300.0
weak-scaling-2026-checkpoint-evalfix,125,1,eval_nodal,6.2724,4.54934,0.0,0.0,2955480.0
weak-scaling-2026-checkpoint-evalfix,125,1,eval_offnode,0.502989,0.491068,0.0,0.0,2609640.0
weak-scaling-2026-checkpoint-evalfix,125,1,field_setup,2.0289,2.02856,363.0,121.0,2.0
weak-scaling-2026-checkpoint-evalfix,125,1,io_read,22.8276,22.8202,1482.0,396.0,41790.0
weak-scaling-2026-checkpoint-evalfix,125,1,io_verify,0.00531418,0.00428637,0.0,0.0,0.0
weak-scaling-2026-checkpoint-evalfix,125,1,io_write,12.041,12.041,372.0,382.0,21752100.0
weak-scaling-2026-checkpoint-evalfix,125,1,mesh_setup,222.342,222.338,445.0,333.0,31978400.0
weak-scaling-2026-checkpoint-evalfix,343,1,eval_nodal,5.35245,4.31616,0.0,0.0,2919310.0
weak-scaling-2026-checkpoint-evalfix,343,1,eval_offnode,0.520421,0.494071,0.0,0.0,2611490.0
weak-scaling-2026-checkpoint-evalfix,343,1,field_setup,1.94979,1.94924,495.0,121.0,2.0
weak-scaling-2026-checkpoint-evalfix,343,1,io_read,67.0655,67.0576,1002.0,396.0,41790.0
weak-scaling-2026-checkpoint-evalfix,343,1,io_verify,0.00560401,0.00390833,0.0,0.0,0.0
weak-scaling-2026-checkpoint-evalfix,343,1,io_write,24.5329,24.5329,682.0,382.0,20840100.0
weak-scaling-2026-checkpoint-evalfix,343,1,mesh_setup,650.355,650.351,468.0,333.0,32216800.0
weak-scaling-2026-stokes-BASE5-3way/default,1,1,first_solve,113.499,113.499,0.0,0.0,80124900000.0
weak-scaling-2026-stokes-BASE5-3way/default,1,1,mesh_setup,3.57845,3.57845,0.0,9.0,13276300.0
weak-scaling-2026-stokes-BASE5-3way/default,1,1,solver_setup,0.0419076,0.0419076,0.0,0.0,0.0
weak-scaling-2026-stokes-BASE5-3way/default,1,1,steady_solves,107.769,107.769,0.0,0.0,79720000000.0
weak-scaling-2026-stokes-BASE5-3way/default,1,2,first_solve,113.336,113.336,0.0,0.0,80124900000.0
weak-scaling-2026-stokes-BASE5-3way/default,1,2,mesh_setup,3.58863,3.58863,0.0,9.0,13276300.0
weak-scaling-2026-stokes-BASE5-3way/default,1,2,solver_setup,0.0418995,0.0418995,0.0,0.0,0.0
weak-scaling-2026-stokes-BASE5-3way/default,1,2,steady_solves,107.377,107.377,0.0,0.0,79720000000.0
weak-scaling-2026-stokes-BASE5-3way/default,1,3,first_solve,113.824,113.824,0.0,0.0,80124900000.0
weak-scaling-2026-stokes-BASE5-3way/default,1,3,mesh_setup,3.55748,3.55748,0.0,9.0,13276300.0
weak-scaling-2026-stokes-BASE5-3way/default,1,3,solver_setup,0.0419096,0.0419096,0.0,0.0,0.0
weak-scaling-2026-stokes-BASE5-3way/default,1,3,steady_solves,107.964,107.964,0.0,0.0,79720000000.0
weak-scaling-2026-stokes-BASE5-3way/default,8,1,first_solve,207.307,207.303,200090.0,6114.0,115720000000.0
weak-scaling-2026-stokes-BASE5-3way/default,8,1,mesh_setup,6.12094,6.11878,257.0,275.0,12891200.0
weak-scaling-2026-stokes-BASE5-3way/default,8,1,solver_setup,0.0449174,0.0449174,0.0,0.0,0.0
weak-scaling-2026-stokes-BASE5-3way/default,8,1,steady_solves,198.172,198.171,132803.0,5446.0,120731000000.0
weak-scaling-2026-stokes-BASE5-3way/default,8,2,first_solve,201.495,201.493,200090.0,6114.0,115720000000.0
weak-scaling-2026-stokes-BASE5-3way/default,8,2,mesh_setup,6.04564,6.04351,278.0,275.0,12157900.0
weak-scaling-2026-stokes-BASE5-3way/default,8,2,solver_setup,0.0433468,0.0433468,0.0,0.0,0.0
weak-scaling-2026-stokes-BASE5-3way/default,8,2,steady_solves,192.611,192.611,208135.0,5446.0,108967000000.0
weak-scaling-2026-stokes-BASE5-3way/default,8,3,first_solve,228.303,228.302,139086.0,6114.0,110570000000.0
weak-scaling-2026-stokes-BASE5-3way/default,8,3,mesh_setup,6.01512,6.01452,269.0,275.0,12608200.0
weak-scaling-2026-stokes-BASE5-3way/default,8,3,solver_setup,0.0407619,0.0404766,0.0,0.0,0.0
weak-scaling-2026-stokes-BASE5-3way/default,8,3,steady_solves,219.702,219.701,137091.0,5446.0,110109000000.0
weak-scaling-2026-stokes-BASE5-3way/default,27,1,first_solve,283.213,283.21,236868.0,6248.0,126222000000.0
weak-scaling-2026-stokes-BASE5-3way/default,27,1,mesh_setup,13.5456,13.5443,307.0,275.0,11707300.0
weak-scaling-2026-stokes-BASE5-3way/default,27,1,solver_setup,0.0449816,0.0449816,0.0,0.0,0.0
weak-scaling-2026-stokes-BASE5-3way/default,27,1,steady_solves,273.897,273.896,203070.0,5601.0,119559000000.0
weak-scaling-2026-stokes-BASE5-3way/default,27,2,first_solve,282.107,282.102,218734.0,6248.0,121205000000.0
weak-scaling-2026-stokes-BASE5-3way/default,27,2,mesh_setup,13.8083,13.8057,316.0,275.0,12125100.0
weak-scaling-2026-stokes-BASE5-3way/default,27,2,solver_setup,0.0463263,0.0463263,0.0,0.0,0.0
weak-scaling-2026-stokes-BASE5-3way/default,27,2,steady_solves,273.065,273.065,401132.0,5601.0,113756000000.0
weak-scaling-2026-stokes-BASE5-3way/default,27,3,first_solve,280.833,280.829,355884.0,6248.0,122912000000.0
weak-scaling-2026-stokes-BASE5-3way/default,27,3,mesh_setup,14.0493,14.0482,319.0,275.0,12067000.0
weak-scaling-2026-stokes-BASE5-3way/default,27,3,solver_setup,0.0451739,0.0451739,0.0,0.0,0.0
weak-scaling-2026-stokes-BASE5-3way/default,27,3,steady_solves,271.537,271.536,216517.0,5601.0,121244000000.0
weak-scaling-2026-stokes-BASE5-3way/default,64,1,first_solve,301.91,301.9,298016.0,6403.0,125203000000.0
weak-scaling-2026-stokes-BASE5-3way/default,64,1,mesh_setup,31.9525,31.9511,406.0,275.0,10887500.0
weak-scaling-2026-stokes-BASE5-3way/default,64,1,solver_setup,0.050234,0.050234,0.0,0.0,0.0
weak-scaling-2026-stokes-BASE5-3way/default,64,1,steady_solves,290.415,290.414,274073.0,5741.0,123941000000.0
weak-scaling-2026-stokes-BASE5-3way/default,64,2,first_solve,299.719,299.708,298016.0,6403.0,125203000000.0
weak-scaling-2026-stokes-BASE5-3way/default,64,2,mesh_setup,32.5247,32.5233,333.0,275.0,11196300.0
weak-scaling-2026-stokes-BASE5-3way/default,64,2,solver_setup,0.0517104,0.0517104,0.0,0.0,0.0
weak-scaling-2026-stokes-BASE5-3way/default,64,2,steady_solves,288.608,288.607,299176.0,5741.0,124798000000.0
weak-scaling-2026-stokes-BASE5-3way/default,64,3,first_solve,299.83,299.82,302640.0,6403.0,125102000000.0
weak-scaling-2026-stokes-BASE5-3way/default,64,3,mesh_setup,32.0883,32.0872,339.0,275.0,11392200.0
weak-scaling-2026-stokes-BASE5-3way/default,64,3,solver_setup,0.0515284,0.0515284,0.0,0.0,0.0
weak-scaling-2026-stokes-BASE5-3way/default,64,3,steady_solves,288.437,288.436,299176.0,5741.0,124798000000.0
weak-scaling-2026-stokes-BASE5-3way/default,125,1,first_solve,307.128,307.127,381216.0,6406.0,122728000000.0
weak-scaling-2026-stokes-BASE5-3way/default,125,1,mesh_setup,65.482,65.463,429.0,275.0,11928900.0
weak-scaling-2026-stokes-BASE5-3way/default,125,1,solver_setup,0.0462634,0.0425982,0.0,0.0,0.0
weak-scaling-2026-stokes-BASE5-3way/default,125,1,steady_solves,295.054,295.054,926452.0,5731.0,121062000000.0
weak-scaling-2026-stokes-BASE5-3way/default,125,2,first_solve,309.271,309.267,298339.0,6406.0,141050000000.0
weak-scaling-2026-stokes-BASE5-3way/default,125,2,mesh_setup,65.5518,65.5506,429.0,275.0,11928900.0
weak-scaling-2026-stokes-BASE5-3way/default,125,2,solver_setup,0.0512285,0.0454531,0.0,0.0,0.0
weak-scaling-2026-stokes-BASE5-3way/default,125,2,steady_solves,297.594,297.593,376083.0,5731.0,122327000000.0
weak-scaling-2026-stokes-BASE5-3way/default,125,3,first_solve,306.805,306.797,363181.0,6406.0,129481000000.0
weak-scaling-2026-stokes-BASE5-3way/default,125,3,mesh_setup,65.4247,65.4234,481.0,275.0,10735400.0
weak-scaling-2026-stokes-BASE5-3way/default,125,3,solver_setup,0.0494794,0.0494794,0.0,0.0,0.0
weak-scaling-2026-stokes-BASE5-3way/default,125,3,steady_solves,294.953,294.952,398695.0,5731.0,131390000000.0
weak-scaling-2026-stokes-BASE5-3way/default,343,1,first_solve,322.226,322.22,411510.0,6449.0,125322000000.0
weak-scaling-2026-stokes-BASE5-3way/default,343,1,mesh_setup,205.186,205.184,537.0,275.0,11403400.0
weak-scaling-2026-stokes-BASE5-3way/default,343,1,solver_setup,0.0493556,0.0468198,0.0,0.0,0.0
weak-scaling-2026-stokes-BASE5-3way/default,343,1,steady_solves,310.354,310.353,465820.0,5771.0,132635000000.0
weak-scaling-2026-stokes-BASE5-3way/default,343,2,first_solve,322.483,322.478,1035460.0,6449.0,131328000000.0
weak-scaling-2026-stokes-BASE5-3way/default,343,2,mesh_setup,203.88,203.877,432.0,275.0,11258400.0
weak-scaling-2026-stokes-BASE5-3way/default,343,2,solver_setup,0.0474392,0.0456152,0.0,0.0,0.0
weak-scaling-2026-stokes-BASE5-3way/default,343,2,steady_solves,310.348,310.348,1620380.0,5771.0,121506000000.0
weak-scaling-2026-stokes-BASE5-3way/default,343,3,first_solve,362.739,362.737,439297.0,6449.0,144910000000.0
weak-scaling-2026-stokes-BASE5-3way/default,343,3,mesh_setup,205.375,205.371,499.0,275.0,10845300.0
weak-scaling-2026-stokes-BASE5-3way/default,343,3,solver_setup,0.0517369,0.0429262,0.0,0.0,0.0
weak-scaling-2026-stokes-BASE5-3way/default,343,3,steady_solves,349.7,349.699,433761.0,5771.0,129122000000.0
weak-scaling-2026-stokes-BASE5-3way/default,1000,1,first_solve,355.697,355.693,420394.0,6744.0,131938000000.0
weak-scaling-2026-stokes-BASE5-3way/default,1000,1,mesh_setup,662.592,662.589,697.0,275.0,11011300.0
weak-scaling-2026-stokes-BASE5-3way/default,1000,1,solver_setup,0.0483073,0.0451331,0.0,0.0,0.0
weak-scaling-2026-stokes-BASE5-3way/default,1000,1,steady_solves,342.229,342.228,669536.0,5905.0,134706000000.0
weak-scaling-2026-stokes-BASE5-3way/default,1000,2,first_solve,341.355,341.347,641136.0,6744.0,137845000000.0
weak-scaling-2026-stokes-BASE5-3way/default,1000,2,mesh_setup,687.342,687.338,697.0,275.0,11011300.0
weak-scaling-2026-stokes-BASE5-3way/default,1000,2,solver_setup,0.048992,0.0479848,0.0,0.0,0.0
weak-scaling-2026-stokes-BASE5-3way/default,1000,2,steady_solves,327.62,327.619,476097.0,5905.0,136177000000.0
weak-scaling-2026-stokes-BASE5-3way/default,1000,3,first_solve,343.219,343.213,582548.0,6744.0,126385000000.0
weak-scaling-2026-stokes-BASE5-3way/default,1000,3,mesh_setup,671.916,671.913,697.0,275.0,11011300.0
weak-scaling-2026-stokes-BASE5-3way/default,1000,3,solver_setup,0.048296,0.047151,0.0,0.0,0.0
weak-scaling-2026-stokes-BASE5-3way/default,1000,3,steady_solves,329.501,329.5,669536.0,5905.0,134706000000.0
weak-scaling-2026-stokes-BASE5-3way/1e-6,1,1,first_solve,83.0827,83.0827,0.0,0.0,44445100000.0
weak-scaling-2026-stokes-BASE5-3way/1e-6,1,1,mesh_setup,3.55035,3.55035,0.0,9.0,13276300.0
weak-scaling-2026-stokes-BASE5-3way/1e-6,1,1,solver_setup,0.0419577,0.0419577,0.0,0.0,0.0
weak-scaling-2026-stokes-BASE5-3way/1e-6,1,1,steady_solves,77.5339,77.5339,0.0,0.0,44225300000.0
weak-scaling-2026-stokes-BASE5-3way/1e-6,1,2,first_solve,82.6769,82.6769,0.0,0.0,44445100000.0
weak-scaling-2026-stokes-BASE5-3way/1e-6,1,2,mesh_setup,3.61724,3.61724,0.0,9.0,13276300.0
weak-scaling-2026-stokes-BASE5-3way/1e-6,1,2,solver_setup,0.0423419,0.0423419,0.0,0.0,0.0
weak-scaling-2026-stokes-BASE5-3way/1e-6,1,2,steady_solves,76.9252,76.9252,0.0,0.0,44225300000.0
weak-scaling-2026-stokes-BASE5-3way/1e-6,1,3,first_solve,83.2117,83.2117,0.0,0.0,44445100000.0
weak-scaling-2026-stokes-BASE5-3way/1e-6,1,3,mesh_setup,3.60892,3.60892,0.0,9.0,13276300.0
weak-scaling-2026-stokes-BASE5-3way/1e-6,1,3,solver_setup,0.0422929,0.0422929,0.0,0.0,0.0
weak-scaling-2026-stokes-BASE5-3way/1e-6,1,3,steady_solves,77.2183,77.2183,0.0,0.0,44225300000.0
weak-scaling-2026-stokes-BASE5-3way/1e-6,8,1,first_solve,130.716,130.716,107366.0,3475.0,56979700000.0
weak-scaling-2026-stokes-BASE5-3way/1e-6,8,1,mesh_setup,6.06992,6.06934,269.0,275.0,12608200.0
weak-scaling-2026-stokes-BASE5-3way/1e-6,8,1,solver_setup,0.0413044,0.0412077,0.0,0.0,0.0
weak-scaling-2026-stokes-BASE5-3way/1e-6,8,1,steady_solves,121.919,121.919,105026.0,2817.0,56721900000.0
weak-scaling-2026-stokes-BASE5-3way/1e-6,8,2,first_solve,126.12,126.119,70949.0,3475.0,57499600000.0
weak-scaling-2026-stokes-BASE5-3way/1e-6,8,2,mesh_setup,6.41197,6.41106,258.0,275.0,11863100.0
weak-scaling-2026-stokes-BASE5-3way/1e-6,8,2,solver_setup,0.0423296,0.0421941,0.0,0.0,0.0
weak-scaling-2026-stokes-BASE5-3way/1e-6,8,2,steady_solves,117.455,117.455,105026.0,2817.0,56721900000.0
weak-scaling-2026-stokes-BASE5-3way/1e-6,8,3,first_solve,129.688,129.687,68807.0,3475.0,62959700000.0
weak-scaling-2026-stokes-BASE5-3way/1e-6,8,3,mesh_setup,6.3121,6.31095,258.0,275.0,11863100.0
weak-scaling-2026-stokes-BASE5-3way/1e-6,8,3,solver_setup,0.0431061,0.0423603,0.0,0.0,0.0
weak-scaling-2026-stokes-BASE5-3way/1e-6,8,3,steady_solves,121.088,121.088,105026.0,2817.0,56721900000.0
weak-scaling-2026-stokes-BASE5-3way/1e-6,27,1,first_solve,174.71,174.706,116704.0,3668.0,65616400000.0
weak-scaling-2026-stokes-BASE5-3way/1e-6,27,1,mesh_setup,14.164,14.163,316.0,275.0,11977400.0
weak-scaling-2026-stokes-BASE5-3way/1e-6,27,1,solver_setup,0.045475,0.045475,0.0,0.0,0.0
weak-scaling-2026-stokes-BASE5-3way/1e-6,27,1,steady_solves,164.988,164.988,210802.0,3006.0,61345800000.0
weak-scaling-2026-stokes-BASE5-3way/1e-6,27,2,first_solve,172.488,172.487,116704.0,3668.0,65616400000.0
weak-scaling-2026-stokes-BASE5-3way/1e-6,27,2,mesh_setup,13.8904,13.8893,319.0,275.0,12067000.0
weak-scaling-2026-stokes-BASE5-3way/1e-6,27,2,solver_setup,0.044791,0.0446182,0.0,0.0,0.0
weak-scaling-2026-stokes-BASE5-3way/1e-6,27,2,steady_solves,163.041,163.04,113902.0,3006.0,65327000000.0
weak-scaling-2026-stokes-BASE5-3way/1e-6,27,3,first_solve,174.438,174.434,116704.0,3668.0,65616400000.0
weak-scaling-2026-stokes-BASE5-3way/1e-6,27,3,mesh_setup,13.5994,13.5982,319.0,275.0,12067000.0
weak-scaling-2026-stokes-BASE5-3way/1e-6,27,3,solver_setup,0.0446325,0.0446325,0.0,0.0,0.0
weak-scaling-2026-stokes-BASE5-3way/1e-6,27,3,steady_solves,164.523,164.522,189277.0,3006.0,66138100000.0
weak-scaling-2026-stokes-BASE5-3way/1e-6,64,1,first_solve,177.245,177.236,356492.0,3584.0,65438400000.0
weak-scaling-2026-stokes-BASE5-3way/1e-6,64,1,mesh_setup,31.3514,31.3499,362.0,275.0,12862300.0
weak-scaling-2026-stokes-BASE5-3way/1e-6,64,1,solver_setup,0.0499816,0.0499816,0.0,0.0,0.0
weak-scaling-2026-stokes-BASE5-3way/1e-6,64,1,steady_solves,165.539,165.539,451073.0,2917.0,60655100000.0
weak-scaling-2026-stokes-BASE5-3way/1e-6,64,2,first_solve,175.873,175.865,152131.0,3584.0,64089000000.0
weak-scaling-2026-stokes-BASE5-3way/1e-6,64,2,mesh_setup,32.3323,32.3312,483.0,275.0,12026400.0
weak-scaling-2026-stokes-BASE5-3way/1e-6,64,2,solver_setup,0.0495993,0.0495993,0.0,0.0,0.0
weak-scaling-2026-stokes-BASE5-3way/1e-6,64,2,steady_solves,165.589,165.588,148404.0,2917.0,63677600000.0
weak-scaling-2026-stokes-BASE5-3way/1e-6,64,3,first_solve,176.672,176.671,152131.0,3584.0,64089000000.0
weak-scaling-2026-stokes-BASE5-3way/1e-6,64,3,mesh_setup,31.2406,31.2391,365.0,275.0,11663300.0
weak-scaling-2026-stokes-BASE5-3way/1e-6,64,3,solver_setup,0.0482571,0.0419435,0.0,0.0,0.0
weak-scaling-2026-stokes-BASE5-3way/1e-6,64,3,steady_solves,165.269,165.268,413257.0,2917.0,64629300000.0
weak-scaling-2026-stokes-BASE5-3way/1e-6,125,1,first_solve,188.942,188.941,202076.0,3736.0,65994300000.0
weak-scaling-2026-stokes-BASE5-3way/1e-6,125,1,mesh_setup,66.0102,66.0063,362.0,275.0,11849400.0
weak-scaling-2026-stokes-BASE5-3way/1e-6,125,1,solver_setup,0.0471941,0.0417382,0.0,0.0,0.0
weak-scaling-2026-stokes-BASE5-3way/1e-6,125,1,steady_solves,177.196,177.195,197274.0,3066.0,65701500000.0
weak-scaling-2026-stokes-BASE5-3way/1e-6,125,2,first_solve,189.899,189.896,387672.0,3736.0,74006200000.0
weak-scaling-2026-stokes-BASE5-3way/1e-6,125,2,mesh_setup,66.6742,66.6731,400.0,275.0,11873600.0
weak-scaling-2026-stokes-BASE5-3way/1e-6,125,2,solver_setup,0.0452086,0.044222,0.0,0.0,0.0
weak-scaling-2026-stokes-BASE5-3way/1e-6,125,2,steady_solves,177.785,177.784,157941.0,3066.0,73486900000.0
weak-scaling-2026-stokes-BASE5-3way/1e-6,125,3,first_solve,189.883,189.873,236651.0,3736.0,73594200000.0
weak-scaling-2026-stokes-BASE5-3way/1e-6,125,3,mesh_setup,67.2581,67.2566,429.0,275.0,11861700.0
weak-scaling-2026-stokes-BASE5-3way/1e-6,125,3,solver_setup,0.0526979,0.0526979,0.0,0.0,0.0
weak-scaling-2026-stokes-BASE5-3way/1e-6,125,3,steady_solves,177.694,177.694,485150.0,3066.0,65028300000.0
weak-scaling-2026-stokes-BASE5-3way/1e-6,343,1,first_solve,190.403,190.399,240576.0,3645.0,68778200000.0
weak-scaling-2026-stokes-BASE5-3way/1e-6,343,1,mesh_setup,202.145,202.142,621.0,275.0,11858700.0
weak-scaling-2026-stokes-BASE5-3way/1e-6,343,1,solver_setup,0.046318,0.0445961,0.0,0.0,0.0
weak-scaling-2026-stokes-BASE5-3way/1e-6,343,1,steady_solves,178.188,178.188,812156.0,2967.0,62789900000.0
weak-scaling-2026-stokes-BASE5-3way/1e-6,343,2,first_solve,190.596,190.583,223705.0,3645.0,66954300000.0
weak-scaling-2026-stokes-BASE5-3way/1e-6,343,2,mesh_setup,205.353,205.326,569.0,275.0,11067000.0
weak-scaling-2026-stokes-BASE5-3way/1e-6,343,2,solver_setup,0.0549883,0.0549883,0.0,0.0,0.0
weak-scaling-2026-stokes-BASE5-3way/1e-6,343,2,steady_solves,178.446,178.445,142044.0,2967.0,60886400000.0
weak-scaling-2026-stokes-BASE5-3way/1e-6,343,3,first_solve,191.287,191.284,292445.0,3645.0,72361600000.0
weak-scaling-2026-stokes-BASE5-3way/1e-6,343,3,mesh_setup,202.935,202.931,528.0,275.0,11384000.0
weak-scaling-2026-stokes-BASE5-3way/1e-6,343,3,solver_setup,0.0455827,0.043676,0.0,0.0,0.0
weak-scaling-2026-stokes-BASE5-3way/1e-6,343,3,steady_solves,178.781,178.78,264970.0,2967.0,70301500000.0
weak-scaling-2026-stokes-BASE5-3way/1e-6,1000,1,first_solve,201.611,201.607,281285.0,3825.0,65023900000.0
weak-scaling-2026-stokes-BASE5-3way/1e-6,1000,1,mesh_setup,667.225,667.222,438.0,275.0,10878000.0
weak-scaling-2026-stokes-BASE5-3way/1e-6,1000,1,solver_setup,0.0480779,0.0451685,0.0,0.0,0.0
weak-scaling-2026-stokes-BASE5-3way/1e-6,1000,1,steady_solves,184.599,184.598,328272.0,2981.0,67920700000.0
weak-scaling-2026-stokes-BASE5-3way/1e-6,1000,2,first_solve,203.423,203.417,331849.0,3825.0,68142600000.0
weak-scaling-2026-stokes-BASE5-3way/1e-6,1000,2,mesh_setup,665.836,665.833,697.0,275.0,11011300.0
weak-scaling-2026-stokes-BASE5-3way/1e-6,1000,2,solver_setup,0.0498125,0.0472761,0.0,0.0,0.0
weak-scaling-2026-stokes-BASE5-3way/1e-6,1000,2,steady_solves,186.272,186.271,259450.0,2981.0,69843200000.0
weak-scaling-2026-stokes-BASE5-3way/1e-6,1000,3,first_solve,200.696,200.691,288748.0,3825.0,69136500000.0
weak-scaling-2026-stokes-BASE5-3way/1e-6,1000,3,mesh_setup,665.688,665.683,432.0,275.0,11085500.0
weak-scaling-2026-stokes-BASE5-3way/1e-6,1000,3,solver_setup,0.049827,0.0463381,0.0,0.0,0.0
weak-scaling-2026-stokes-BASE5-3way/1e-6,1000,3,steady_solves,183.798,183.797,237922.0,2981.0,72310000000.0
weak-scaling-2026-stokes-BASE5-3way/1e-3,1,1,first_solve,61.8086,61.8086,0.0,0.0,20318600000.0
weak-scaling-2026-stokes-BASE5-3way/1e-3,1,1,mesh_setup,3.53765,3.53765,0.0,9.0,13276300.0
weak-scaling-2026-stokes-BASE5-3way/1e-3,1,1,solver_setup,0.0417911,0.0417911,0.0,0.0,0.0
weak-scaling-2026-stokes-BASE5-3way/1e-3,1,1,steady_solves,56.1034,56.1034,0.0,0.0,20098800000.0
weak-scaling-2026-stokes-BASE5-3way/1e-3,1,2,first_solve,62.1972,62.1972,0.0,0.0,20318600000.0
weak-scaling-2026-stokes-BASE5-3way/1e-3,1,2,mesh_setup,3.60002,3.60002,0.0,9.0,13276300.0
weak-scaling-2026-stokes-BASE5-3way/1e-3,1,2,solver_setup,0.041866,0.041866,0.0,0.0,0.0
weak-scaling-2026-stokes-BASE5-3way/1e-3,1,2,steady_solves,56.3214,56.3214,0.0,0.0,20098800000.0
weak-scaling-2026-stokes-BASE5-3way/1e-3,1,3,first_solve,61.8731,61.8731,0.0,0.0,20318600000.0
weak-scaling-2026-stokes-BASE5-3way/1e-3,1,3,mesh_setup,3.5416,3.5416,0.0,9.0,13276300.0
weak-scaling-2026-stokes-BASE5-3way/1e-3,1,3,solver_setup,0.0420357,0.0420357,0.0,0.0,0.0
weak-scaling-2026-stokes-BASE5-3way/1e-3,1,3,steady_solves,55.861,55.861,0.0,0.0,20098800000.0
weak-scaling-2026-stokes-BASE5-3way/1e-3,8,1,first_solve,79.2036,79.2032,27228.0,1790.0,24069400000.0
weak-scaling-2026-stokes-BASE5-3way/1e-3,8,1,mesh_setup,6.06481,6.06359,258.0,275.0,11863100.0
weak-scaling-2026-stokes-BASE5-3way/1e-3,8,1,solver_setup,0.041681,0.0412553,0.0,0.0,0.0
weak-scaling-2026-stokes-BASE5-3way/1e-3,8,1,steady_solves,70.5514,70.5511,25487.0,1132.0,23812800000.0
weak-scaling-2026-stokes-BASE5-3way/1e-3,8,2,first_solve,77.9708,77.9641,38217.0,1790.0,24896900000.0
weak-scaling-2026-stokes-BASE5-3way/1e-3,8,2,mesh_setup,6.02387,6.02325,261.0,275.0,12106800.0
weak-scaling-2026-stokes-BASE5-3way/1e-3,8,2,solver_setup,0.0479893,0.0479893,0.0,0.0,0.0
weak-scaling-2026-stokes-BASE5-3way/1e-3,8,2,steady_solves,69.4157,69.4153,25487.0,1132.0,23812800000.0
weak-scaling-2026-stokes-BASE5-3way/1e-3,8,3,first_solve,79.6887,79.6874,38976.0,1790.0,25199700000.0
weak-scaling-2026-stokes-BASE5-3way/1e-3,8,3,mesh_setup,6.25586,6.25489,237.0,275.0,12359400.0
weak-scaling-2026-stokes-BASE5-3way/1e-3,8,3,solver_setup,0.0423224,0.042223,0.0,0.0,0.0
weak-scaling-2026-stokes-BASE5-3way/1e-3,8,3,steady_solves,71.0279,71.0274,24703.0,1132.0,25951500000.0
weak-scaling-2026-stokes-BASE5-3way/1e-3,27,1,first_solve,97.2775,97.2765,42706.0,1814.0,26186900000.0
weak-scaling-2026-stokes-BASE5-3way/1e-3,27,1,mesh_setup,13.5035,13.5021,310.0,275.0,12254300.0
weak-scaling-2026-stokes-BASE5-3way/1e-3,27,1,solver_setup,0.0431573,0.0426859,0.0,0.0,0.0
weak-scaling-2026-stokes-BASE5-3way/1e-3,27,1,steady_solves,87.5974,87.5967,37381.0,1152.0,25401500000.0
weak-scaling-2026-stokes-BASE5-3way/1e-3,27,2,first_solve,95.5606,95.56,42706.0,1814.0,26186900000.0
weak-scaling-2026-stokes-BASE5-3way/1e-3,27,2,mesh_setup,14.0986,14.0975,310.0,275.0,12254300.0
weak-scaling-2026-stokes-BASE5-3way/1e-3,27,2,solver_setup,0.0417184,0.0414826,0.0,0.0,0.0
weak-scaling-2026-stokes-BASE5-3way/1e-3,27,2,steady_solves,85.4578,85.457,37888.0,1152.0,25620200000.0
weak-scaling-2026-stokes-BASE5-3way/1e-3,27,3,first_solve,95.0821,95.0812,42706.0,1814.0,26186900000.0
weak-scaling-2026-stokes-BASE5-3way/1e-3,27,3,mesh_setup,13.3193,13.3175,342.0,275.0,12019500.0
weak-scaling-2026-stokes-BASE5-3way/1e-3,27,3,solver_setup,0.043342,0.0420411,0.0,0.0,0.0
weak-scaling-2026-stokes-BASE5-3way/1e-3,27,3,steady_solves,85.5611,85.5603,40808.0,1152.0,26702300000.0
weak-scaling-2026-stokes-BASE5-3way/1e-3,64,1,first_solve,106.426,106.423,62802.0,1933.0,28803200000.0
weak-scaling-2026-stokes-BASE5-3way/1e-3,64,1,mesh_setup,32.7566,32.7551,333.0,275.0,11777200.0
weak-scaling-2026-stokes-BASE5-3way/1e-3,64,1,solver_setup,0.0445686,0.0445686,0.0,0.0,0.0
weak-scaling-2026-stokes-BASE5-3way/1e-3,64,1,steady_solves,95.0697,95.069,166776.0,1266.0,28819300000.0
weak-scaling-2026-stokes-BASE5-3way/1e-3,64,2,first_solve,106.344,106.335,63802.0,1933.0,28875200000.0
weak-scaling-2026-stokes-BASE5-3way/1e-3,64,2,mesh_setup,31.3187,31.3173,333.0,275.0,11189800.0
weak-scaling-2026-stokes-BASE5-3way/1e-3,64,2,solver_setup,0.0503172,0.0503172,0.0,0.0,0.0
weak-scaling-2026-stokes-BASE5-3way/1e-3,64,2,steady_solves,95.0947,95.094,180522.0,1266.0,31311700000.0
weak-scaling-2026-stokes-BASE5-3way/1e-3,64,3,first_solve,105.24,105.234,63802.0,1933.0,28875200000.0
weak-scaling-2026-stokes-BASE5-3way/1e-3,64,3,mesh_setup,31.6323,31.6306,333.0,275.0,11777200.0
weak-scaling-2026-stokes-BASE5-3way/1e-3,64,3,solver_setup,0.0477032,0.0477032,0.0,0.0,0.0
weak-scaling-2026-stokes-BASE5-3way/1e-3,64,3,steady_solves,93.9729,93.9722,55006.0,1266.0,28231700000.0
weak-scaling-2026-stokes-BASE5-3way/1e-3,125,1,first_solve,103.551,103.55,74492.0,1852.0,26497500000.0
weak-scaling-2026-stokes-BASE5-3way/1e-3,125,1,mesh_setup,65.8712,65.8698,304.0,275.0,11615300.0
weak-scaling-2026-stokes-BASE5-3way/1e-3,125,1,solver_setup,0.0482251,0.041961,0.0,0.0,0.0
weak-scaling-2026-stokes-BASE5-3way/1e-3,125,1,steady_solves,92.1479,92.1469,66888.0,1182.0,27309100000.0
weak-scaling-2026-stokes-BASE5-3way/1e-3,125,2,first_solve,103.817,103.809,66098.0,1852.0,27506500000.0
weak-scaling-2026-stokes-BASE5-3way/1e-3,125,2,mesh_setup,64.6745,64.6704,441.0,275.0,12235200.0
weak-scaling-2026-stokes-BASE5-3way/1e-3,125,2,solver_setup,0.0497475,0.0486618,0.0,0.0,0.0
weak-scaling-2026-stokes-BASE5-3way/1e-3,125,2,steady_solves,92.319,92.3182,70209.0,1182.0,27491800000.0
weak-scaling-2026-stokes-BASE5-3way/1e-3,125,3,first_solve,103.006,103.0,58407.0,1852.0,29960400000.0
weak-scaling-2026-stokes-BASE5-3way/1e-3,125,3,mesh_setup,64.5044,64.5023,342.0,275.0,11864500.0
weak-scaling-2026-stokes-BASE5-3way/1e-3,125,3,solver_setup,0.0496846,0.0473108,0.0,0.0,0.0
weak-scaling-2026-stokes-BASE5-3way/1e-3,125,3,steady_solves,91.272,91.2711,61393.0,1182.0,26549300000.0
weak-scaling-2026-stokes-BASE5-innerscan/1e-4,1,1,first_solve,68.33,68.33,0.0,0.0,27865400000.0
weak-scaling-2026-stokes-BASE5-innerscan/1e-4,1,1,mesh_setup,3.58096,3.58096,0.0,9.0,13276300.0
weak-scaling-2026-stokes-BASE5-innerscan/1e-4,1,1,solver_setup,0.042207,0.042207,0.0,0.0,0.0
weak-scaling-2026-stokes-BASE5-innerscan/1e-4,1,1,steady_solves,62.8937,62.8937,0.0,0.0,27645600000.0
weak-scaling-2026-stokes-BASE5-innerscan/1e-5,1,1,first_solve,74.8988,74.8988,0.0,0.0,35231800000.0
weak-scaling-2026-stokes-BASE5-innerscan/1e-5,1,1,mesh_setup,3.52766,3.52766,0.0,9.0,13276300.0
weak-scaling-2026-stokes-BASE5-innerscan/1e-5,1,1,solver_setup,0.0420061,0.0420061,0.0,0.0,0.0
weak-scaling-2026-stokes-BASE5-innerscan/1e-5,1,1,steady_solves,69.234,69.234,0.0,0.0,35012000000.0
weak-scaling-2026-stokes-BASE5-innerscan/1e-6,1,1,first_solve,82.8613,82.8613,0.0,0.0,44445100000.0
weak-scaling-2026-stokes-BASE5-innerscan/1e-6,1,1,mesh_setup,3.59431,3.59431,0.0,9.0,13276300.0
weak-scaling-2026-stokes-BASE5-innerscan/1e-6,1,1,solver_setup,0.0419983,0.0419983,0.0,0.0,0.0
weak-scaling-2026-stokes-BASE5-innerscan/1e-6,1,1,steady_solves,77.01,77.01,0.0,0.0,44225300000.0
weak-scaling-2026-stokes-BASE10,1,1,first_solve,775.718,775.718,0.0,0.0,458072000000.0
weak-scaling-2026-stokes-BASE10,1,1,mesh_setup,30.6438,30.6438,0.0,9.0,97653900.0
weak-scaling-2026-stokes-BASE10,1,1,solver_setup,0.0429844,0.0429844,0.0,0.0,0.0
weak-scaling-2026-stokes-BASE10,1,1,steady_solves,734.241,734.241,0.0,0.0,455894000000.0
weak-scaling-2026-stokes-BASE10,1,2,first_solve,778.106,778.106,0.0,0.0,458072000000.0
weak-scaling-2026-stokes-BASE10,1,2,mesh_setup,30.564,30.564,0.0,9.0,97653900.0
weak-scaling-2026-stokes-BASE10,1,2,solver_setup,0.0426013,0.0426013,0.0,0.0,0.0
weak-scaling-2026-stokes-BASE10,1,2,steady_solves,736.636,736.636,0.0,0.0,455894000000.0
weak-scaling-2026-stokes-BASE10,1,3,first_solve,775.603,775.603,0.0,0.0,458072000000.0
weak-scaling-2026-stokes-BASE10,1,3,mesh_setup,30.8384,30.8384,0.0,9.0,97653900.0
weak-scaling-2026-stokes-BASE10,1,3,solver_setup,0.0426328,0.0426328,0.0,0.0,0.0
weak-scaling-2026-stokes-BASE10,1,3,steady_solves,733.171,733.171,0.0,0.0,455894000000.0
weak-scaling-2026-stokes-BASE10,8,1,first_solve,1253.54,1253.5,144793.0,3684.0,579645000000.0
weak-scaling-2026-stokes-BASE10,8,1,mesh_setup,59.0081,59.0071,269.0,275.0,94025900.0
weak-scaling-2026-stokes-BASE10,8,1,solver_setup,0.042746,0.042332,0.0,0.0,0.0
weak-scaling-2026-stokes-BASE10,8,1,steady_solves,1212.82,1212.81,132156.0,3074.0,554108000000.0
weak-scaling-2026-stokes-BASE10,8,2,first_solve,1282.53,1282.52,144793.0,3684.0,571627000000.0
weak-scaling-2026-stokes-BASE10,8,2,mesh_setup,58.9553,58.9536,269.0,275.0,94025900.0
weak-scaling-2026-stokes-BASE10,8,2,solver_setup,0.0426064,0.0424913,0.0,0.0,0.0
weak-scaling-2026-stokes-BASE10,8,2,steady_solves,1237.76,1237.75,132156.0,3074.0,554108000000.0
weak-scaling-2026-stokes-BASE10,8,3,first_solve,1228.48,1228.48,149397.0,3680.0,545856000000.0
weak-scaling-2026-stokes-BASE10,8,3,mesh_setup,58.2075,58.2067,258.0,275.0,92740600.0
weak-scaling-2026-stokes-BASE10,8,3,solver_setup,0.0424182,0.0422648,0.0,0.0,0.0
weak-scaling-2026-stokes-BASE10,8,3,steady_solves,1188.49,1188.48,132156.0,3074.0,563106000000.0
weak-scaling-2026-stokes-BASE10,27,1,first_solve,2032.78,2032.78,268309.0,3561.0,528728000000.0
weak-scaling-2026-stokes-BASE10,27,1,mesh_setup,165.703,165.701,275.0,275.0,90618000.0
weak-scaling-2026-stokes-BASE10,27,1,solver_setup,0.0512273,0.0509175,0.0,0.0,0.0
weak-scaling-2026-stokes-BASE10,27,1,steady_solves,1899.52,1899.52,263977.0,2950.0,526324000000.0
weak-scaling-2026-stokes-BASE10,27,2,first_solve,1990.39,1990.38,221329.0,3561.0,539123000000.0
weak-scaling-2026-stokes-BASE10,27,2,mesh_setup,164.571,164.571,2011.0,275.0,89438200.0
weak-scaling-2026-stokes-BASE10,27,2,solver_setup,0.0494033,0.049362,0.0,0.0,0.0
weak-scaling-2026-stokes-BASE10,27,2,steady_solves,1919.78,1919.78,263977.0,2950.0,526324000000.0
weak-scaling-2026-stokes-BASE10,27,3,first_solve,1944.28,1944.28,268309.0,3561.0,528728000000.0
weak-scaling-2026-stokes-BASE10,27,3,mesh_setup,162.4,162.398,307.0,275.0,91878400.0
weak-scaling-2026-stokes-BASE10,27,3,solver_setup,0.0531448,0.0473217,0.0,0.0,0.0
weak-scaling-2026-stokes-BASE10,27,3,steady_solves,1869.57,1869.57,263977.0,2950.0,526324000000.0
weak-scaling-2026-stokes-BASE10,64,1,first_solve,1990.68,1990.67,281330.0,3695.0,546522000000.0
weak-scaling-2026-stokes-BASE10,64,1,mesh_setup,381.24,381.239,345.0,275.0,90784300.0
weak-scaling-2026-stokes-BASE10,64,1,solver_setup,0.0479432,0.0479339,0.0,0.0,0.0
weak-scaling-2026-stokes-BASE10,64,1,steady_solves,1946.81,1946.81,409530.0,2989.0,538357000000.0
weak-scaling-2026-stokes-BASE10,64,2,first_solve,2034.48,2034.46,271767.0,3695.0,554020000000.0
weak-scaling-2026-stokes-BASE10,64,2,mesh_setup,383.342,383.341,345.0,275.0,90784300.0
weak-scaling-2026-stokes-BASE10,64,2,solver_setup,0.0516128,0.0514493,0.0,0.0,0.0
weak-scaling-2026-stokes-BASE10,64,2,steady_solves,1952.22,1952.21,301705.0,2989.0,561353000000.0
weak-scaling-2026-stokes-BASE10,64,3,first_solve,2228.3,2228.28,298681.0,3695.0,557494000000.0
weak-scaling-2026-stokes-BASE10,64,3,mesh_setup,381.463,381.461,339.0,275.0,93107400.0
weak-scaling-2026-stokes-BASE10,64,3,solver_setup,0.0526777,0.0525865,0.0,0.0,0.0
weak-scaling-2026-stokes-BASE10,64,3,steady_solves,2052.4,2052.4,409530.0,2989.0,538357000000.0
weak-scaling-2026-stokes-BASE10,125,1,first_solve,2113.35,2113.34,357541.0,3722.0,547669000000.0
weak-scaling-2026-stokes-BASE10,125,1,mesh_setup,761.09,761.086,374.0,275.0,89354400.0
weak-scaling-2026-stokes-BASE10,125,1,solver_setup,0.0499976,0.0499976,0.0,0.0,0.0
weak-scaling-2026-stokes-BASE10,125,1,steady_solves,2073.82,2073.81,395129.0,3014.0,592353000000.0
weak-scaling-2026-stokes-BASE10,125,2,first_solve,2110.49,2110.49,553547.0,3722.0,547916000000.0
weak-scaling-2026-stokes-BASE10,125,2,mesh_setup,775.94,775.936,374.0,275.0,89354400.0
weak-scaling-2026-stokes-BASE10,125,2,solver_setup,0.0521715,0.0504685,0.0,0.0,0.0
weak-scaling-2026-stokes-BASE10,125,2,steady_solves,2024.97,2024.96,343464.0,3014.0,537717000000.0
weak-scaling-2026-stokes-BASE10,125,3,first_solve,2139.4,2139.39,400631.0,3722.0,574729000000.0
weak-scaling-2026-stokes-BASE10,125,3,mesh_setup,773.419,773.416,374.0,275.0,89354400.0
weak-scaling-2026-stokes-BASE10,125,3,solver_setup,0.0529161,0.0489977,0.0,0.0,0.0
weak-scaling-2026-stokes-BASE10,125,3,steady_solves,2056.36,2056.36,547615.0,3014.0,546296000000.0
weak-scaling-2026-stokes-BASE10-spread,1,1,first_solve,772.531,772.531,0.0,0.0,458072000000.0
weak-scaling-2026-stokes-BASE10-spread,1,1,mesh_setup,30.2942,30.2942,0.0,9.0,97653900.0
weak-scaling-2026-stokes-BASE10-spread,1,1,solver_setup,0.0426162,0.0426162,0.0,0.0,0.0
weak-scaling-2026-stokes-BASE10-spread,1,1,steady_solves,729.166,729.166,0.0,0.0,455894000000.0
weak-scaling-2026-stokes-BASE10-spread,1,2,first_solve,776.072,776.072,0.0,0.0,458072000000.0
weak-scaling-2026-stokes-BASE10-spread,1,2,mesh_setup,30.5995,30.5995,0.0,9.0,97653900.0
weak-scaling-2026-stokes-BASE10-spread,1,2,solver_setup,0.0427259,0.0427259,0.0,0.0,0.0
weak-scaling-2026-stokes-BASE10-spread,1,2,steady_solves,733.388,733.388,0.0,0.0,455894000000.0
weak-scaling-2026-stokes-BASE10-spread,8,1,first_solve,1055.54,1055.53,144635.0,3680.0,558508000000.0
weak-scaling-2026-stokes-BASE10-spread,8,1,mesh_setup,56.4991,56.4973,243.0,275.0,93703600.0
weak-scaling-2026-stokes-BASE10-spread,8,1,solver_setup,0.0440131,0.0440131,0.0,0.0,0.0
weak-scaling-2026-stokes-BASE10-spread,8,1,steady_solves,996.561,996.559,132156.0,3074.0,554108000000.0
weak-scaling-2026-stokes-BASE10-spread,8,2,first_solve,1062.68,1062.68,149397.0,3680.0,545856000000.0
weak-scaling-2026-stokes-BASE10-spread,8,2,mesh_setup,57.1074,57.1022,257.0,275.0,95571900.0
weak-scaling-2026-stokes-BASE10-spread,8,2,solver_setup,0.0439688,0.0437322,0.0,0.0,0.0
weak-scaling-2026-stokes-BASE10-spread,8,2,steady_solves,1003.62,1003.62,146583.0,3074.0,542651000000.0
weak-scaling-2026-stokes-BASE10-spread,27,1,first_solve,1596.45,1596.45,268309.0,3561.0,528728000000.0
weak-scaling-2026-stokes-BASE10-spread,27,1,mesh_setup,139.311,139.31,272.0,275.0,93558600.0
weak-scaling-2026-stokes-BASE10-spread,27,1,solver_setup,0.0441653,0.0441653,0.0,0.0,0.0
weak-scaling-2026-stokes-BASE10-spread,27,1,steady_solves,1393.24,1393.19,247515.0,2950.0,561949000000.0
weak-scaling-2026-stokes-BASE10-spread,27,2,first_solve,1483.44,1483.2,235909.0,3565.0,570108000000.0
weak-scaling-2026-stokes-BASE10-spread,27,2,mesh_setup,138.688,138.687,331.0,275.0,91501900.0
weak-scaling-2026-stokes-BASE10-spread,27,2,solver_setup,0.0421804,0.041713,0.0,0.0,0.0
weak-scaling-2026-stokes-BASE10-spread,27,2,steady_solves,1417.68,1417.29,220044.0,2950.0,560617000000.0
weak-scaling-2026-stokes-BASE10-spread,64,1,first_solve,1769.23,1768.72,309035.0,3695.0,567112000000.0
weak-scaling-2026-stokes-BASE10-spread,64,1,mesh_setup,315.938,315.935,345.0,275.0,90784300.0
weak-scaling-2026-stokes-BASE10-spread,64,1,solver_setup,0.0429707,0.0416378,0.0,0.0,0.0
weak-scaling-2026-stokes-BASE10-spread,64,1,steady_solves,1651.41,1651.27,276482.0,2989.0,544012000000.0
weak-scaling-2026-stokes-BASE10-spread,64,2,first_solve,1704.92,1704.62,305185.0,3695.0,531861000000.0
weak-scaling-2026-stokes-BASE10-spread,64,2,mesh_setup,315.724,315.72,345.0,275.0,90784300.0
weak-scaling-2026-stokes-BASE10-spread,64,2,solver_setup,0.0430839,0.041648,0.0,0.0,0.0
weak-scaling-2026-stokes-BASE10-spread,64,2,steady_solves,1617.5,1617.3,293453.0,2989.0,572365000000.0
weak-scaling-2026-stokes-BASE10-spread,125,1,first_solve,1673.0,1672.99,370155.0,3726.0,583775000000.0
weak-scaling-2026-stokes-BASE10-spread,125,1,mesh_setup,632.344,632.341,374.0,275.0,89354400.0
weak-scaling-2026-stokes-BASE10-spread,125,1,solver_setup,0.0440847,0.04148,0.0,0.0,0.0
weak-scaling-2026-stokes-BASE10-spread,125,1,steady_solves,1595.4,1594.26,375565.0,3014.0,585053000000.0
weak-scaling-2026-stokes-BASE10-spread,125,2,first_solve,1804.75,1804.2,478878.0,3722.0,590651000000.0
weak-scaling-2026-stokes-BASE10-spread,125,2,mesh_setup,624.346,624.345,374.0,275.0,89354400.0
weak-scaling-2026-stokes-BASE10-spread,125,2,solver_setup,0.0445173,0.0415463,0.0,0.0,0.0
weak-scaling-2026-stokes-BASE10-spread,125,2,steady_solves,1732.8,1732.29,397588.0,3014.0,590523000000.0
